lafz	aeraab	zaban	un_ka_maani
کلب	كَلْب	عربی	dog
شجرہ	شَجَرَة	عربی	tree
شمس	شَمْس	عربی	sun
مصر	مِصْر	عربی	Egypt (a country in North Africa and West Asia)
تل ابیب	تَلّ أَبِيب	عربی	Tel Aviv (a city in Israel)
اسم	اِسْم	عربی	name
نستعلیق	نَسْتَعْلِيق	عربی	Nastaliq, Nastaleeq or Nastaʿlīq: A style of Persian calligraphy or font, most c
عین	عَيْن	عربی	eye (organ)
فیل	فِيل	عربی	elephant
قواعد	قَوَاعِد	عربی	
ارض	أَرْض	عربی	earth, land
یوم	يَوْم	عربی	day, period from sunrise to sunset
بحر	بَحْر	عربی	sea
جمیل	جَمِيل	عربی	beautiful
ذکر	ذَكَرَ	عربی	to mention
بیت	بَيْت	عربی	house, building
حبیب	حَبِيب	عربی	beloved
آلہ	آلَة	عربی	instrument, utensil
موت	مَوْت	عربی	death
عید	عِيد	عربی	feast; holiday; festival
نظر	نَظَرَ	عربی	to look, to gaze, to glance
انجیل	إِنْجِيل	عربی	the Gospel, the evangel
امل	أَمَلَ	عربی	to hope for
حکیم	حَكِيم	عربی	wise
سبب	سَبَّبَ	عربی	to cause, to effect, to trigger, to generate
سیف	سَيْف	عربی	sword, sabre, foil, rapier, scimitar
عظم	عَظْم	عربی	bone
وقت	وَقْت	عربی	time (as an abstract concept)
سہل	سَهْل	عربی	easy
مجنون	مَجْنُون	عربی	mad, crazy, insane, possessed
مفتوح	مَفْتُوح	عربی	open
مدیر	مُدِير	عربی	manager, head, chief, director, administrator, headmaster, boss
قمیص	قَمِيص	عربی	a short and usually form-fitting upper-body outer garment; a sleeved top; a shir
وزیر	وَزِير	عربی	minister, cabinet minister
رئیس	رَئِيس	عربی	boss, chief, leader
معنی	مَعْنًى	عربی	meaning, import, sense
ضد	ضِدّ	عربی	opposite, contrast
شہید	شَهِيد	عربی	witness
آخر	آخِر	عربی	last, ultimate, utmost, extreme
عشق	عِشْق	عربی	liking with desire (lust), being in love; romantic love (particularly when very 
غائب	غَائِب	عربی	concealed, hidden, occult
رسول	رَسُول	عربی	messenger; emissary; envoy; delegate
صبح	صُبْح	عربی	the time from sunrise to noon, morning
قلب	قَلْب	عربی	heart (organ)
فرش	فَرْش	عربی	carpet, rug
طب	طِبّ	عربی	medicine (field of study)
ذہن	ذِهْن	عربی	mind
رب	رَبَّ	عربی	to be master, to be lord
ظرف	ظَرْف	عربی	vessel, container, receptacle
معمول	مَعْمُول	عربی	a word whose grammatical state is governed by another word
نرد	نَرْد	عربی	dice; game with dice
نفت	نَفَتْ	عربی	
جام	جَام	عربی	cup, bowl
سریر	سَرِير	عربی	bed, bedstead
جنوب	جَنُوب	عربی	south
فصل	فَصْل	عربی	separation, division, partition
شے	شَيْء	عربی	thing
غیر	غَيْر	عربی	other than, different from, unlike
فلم	فِلْم	عربی	film, motion picture
خنزیر	خِنْزِير	عربی	pig, swine, hog
نوح	نُوح	عربی	Noah.
تقلید	تَقْلِيد	عربی	imitation, copying
عطر	عِطْر	عربی	perfume, scent
ابن	اِبْن	عربی	son
حقوق	حُقُوق	عربی	
ظہور	ظُهُور	عربی	rise, emergence
لطفا	لُطْفًا	عربی	kindly, please
مشغول	مَشْغُول	عربی	busy
روح	رُوح	عربی	spirit (all senses), ghost
زنجبیل	زَنْجَبِيل	عربی	ginger
مجبور	مَجْبُور	عربی	obliged, compelled, forced
مخصوص	مَخْصُوص	عربی	private, characteristic
رزق	رِزْق	عربی	daily wage, livelihood, subsistence
ابلیس	إِبْلِيس	عربی	Iblis, Satan; the Devil.
آخن	آخَن	عربی	Aachen (a city in North Rhine-Westphalia, Germany)
محمود	مَحْمُود	عربی	praised
طبیب	طَبِيب	عربی	doctor, physician
مریض	مَرِيض	عربی	sick, ill (in poor health)
عفو	عَفْو	عربی	pardon, forgiveness, remission of sins, amnesty, absolution
کبیر	كَبِير	عربی	big, large
صغیر	صَغِير	عربی	small
یہود	يَهُود	عربی	Jews; Jewry
شر	شَرَّ	عربی	to be bad, to be evil, to act badly
طفل	طِفْل	عربی	child (a minor)
اقلیم	إِقْلِيم	عربی	region, climate (geographical area of the earth, particularly a zone of latitude
جرح	جُرْح	عربی	wound
تعلیم	تَعْلِيم	عربی	teaching, education
احمد	أَحْمَدَ	عربی	to show oneself praiseworthy
جلد	جِلْد	عربی	skin, hide
مجہول	مَجْهُول	عربی	unknown
معلوم	مَعْلُوم	عربی	known
نجوم	نُجُوم	عربی	
تفصیل	تَفْصِيل	عربی	division into chapters, analysis
تقویم	تَقْوِيم	عربی	calendar
تقسیم	تَقْسِيم	عربی	division
قبول	قَبُول	عربی	acceptance
مفہوم	مَفْهُوم	عربی	concept; notion; idea
حول	حَوْل	عربی	power, might
جنون	جُنُون	عربی	madness, insanity
ضعیف	ضَعِيف	عربی	weak
امیر	أَمِير	عربی	prince
علوم	عُلُوم	عربی	
اثر	أَثَّرَ	عربی	to influence, to affect, to have an effect on
تعریف	تَعْرِيف	عربی	definition
لوط	لُوط	عربی	Lot, Lut (Abrahamic figure)
حقائق	حَقَائِق	عربی	
سعید	سَعِيد	عربی	happy, cheerful, joyous
شوق	شَوْق	عربی	longing, yearning, missing, verbal noun of شَاقَ (šāqa) (form I)
ققنوس	قُقْنُوس	عربی	
خوف	خَوْف	عربی	fear
قریب	قَرِيب	عربی	near, close, adjacent
فورا	فَوْرًا	عربی	instantly, immediately
سلیم	سَلِيم	عربی	safe, secure
جیش	جَيْش	عربی	an army, a military force
حدود	حُدُود	عربی	
ربا	رِبًا	عربی	interest
کبریت	كِبْرِيت	عربی	sulfur
مشہور	مَشْهُور	عربی	famous
عظیم	عَظِيم	عربی	magnificent, grandiose
نس	نَسِّ	عربی	
کیک	كَيْك	عربی	cake
حروف	حُرُوف	عربی	
لحم	لَحْم	عربی	flesh, meat
یتیم	يَتِيم	عربی	orphan
حمید	حَمِيد	عربی	praiseworthy
عضو	عُضْو	عربی	organ
بعض	بَعْض	عربی	some, part
قوت	قُوت	عربی	food
مدفون	مَدْفُون	عربی	
صلیب	صَلِيب	عربی	cross (geometrical figure)
نصر	نَصْر	عربی	victory, triumph
داعش	دَاعِش	عربی	ISIS, ISIL, IS
عجول	عَجُول	عربی	fast, quick
قدیم	قَدِيم	عربی	old, ancient
تشکیل	تَشْكِيل	عربی	formation, forming, foundation, establishment
اذان	أَذَان	عربی	call to prayer
اصول	أُصُول	عربی	
امور	أُمُور	عربی	
طوائف	طَوَائِف	عربی	
تاثیر	تَأْثِير	عربی	influence, impression
جلوس	جُلُوس	عربی	sitting, sitting down
تخلیق	تَخْلِيق	عربی	
ذوق	ذَوْق	عربی	taste
عیش	عَيْش	عربی	living, life
تغییر	تَغْيِير	عربی	changing, alteration, modification, variation
تکبیر	تَكْبِير	عربی	
یال	يَأْلُ	عربی	
ہود	هُود	عربی	Hud, a prophet of Islam, sometimes identified with Eber in the Bible
ولید	وَلِيد	عربی	newborn child, baby
اخیر	أَخِير	عربی	last, final
یعقوب	يَعْقُوب	عربی	Jacob, Hebrew patriarch also known as Israel
نظیف	نَظِيف	عربی	clean, pure, cleanly
حسد	حَسَدَ	عربی	to envy
ترتیب	تَرْتِيب	عربی	order, arrangement, array
کریم	كَرِيم	عربی	noble, noble-minded, beneficent, kind, gracious
ین	ـِينَ	عربی	Oblique form, i.e. genitive and accusative form, of ـُونَ (-ūna, plural suffix).
شک	شَكَّ	عربی	to doubt, be doubtful, suspect
شدید	شَدِيد	عربی	violent, strong, intense, severe, hard, difficult, acute, extreme
سمین	سَمِين	عربی	fat, corpulent
عقل	عَقْل	عربی	understanding, reason, wisdom, sound judgment, sense
رحیم	رَحِيم	عربی	merciful
خلیج	خَلِيج	عربی	gulf
یاس	يَأْس	عربی	despair
تمرین	تَمْرِين	عربی	practice
جسور	جَسُور	عربی	bold, daring; courageous
ظروف	ظُرُوف	عربی	
عجائب	عَجَائِب	عربی	
وسیم	وَسِيم	عربی	handsome, pretty, goodly, elegant
حقیر	حَقِير	عربی	low, mean, vile
جلیل	جَلِيل	عربی	great, important
مجید	مَجِيد	عربی	glorious, glorified
غلیظ	غَلِيظ	عربی	thick
واعظ	وَاعِظ	عربی	preacher
احساس	إِحْسَاس	عربی	feeling, sensation, emotion
تصویر	تَصْوِير	عربی	depiction
تکمیل	تَكْمِيل	عربی	
نوال	نَوال	عربی	gift, donation, portion shared with someone
رومانیہ	رُومَانِيَّة	عربی	
خطیر	خَطِير	عربی	great
اسیر	أَسِير	عربی	prisoner of war, captive
نجیب	نَجِيب	عربی	noble, illustrious, distinguished, whiz
نسیم	نَسِيم	عربی	breeze, gentle wind
نصیر	نَصِير	عربی	supporter, defender, helper, ally
نند	نَنْدَ	عربی	
سالن	سَأَلْنَ	عربی	
یقین	يَقِين	عربی	certainty
بشیر	بَشِير	عربی	bringer of good news, herald, harbinger
عیب	عَيْب	عربی	fault, defect, deficiency, failing
معروف	مَعْرُوف	عربی	known
بدر	بَدْر	عربی	full moon
ریب	رَيْب	عربی	doubt, suspicion, uncertainty
بنزین	بَنْزِين	عربی	petrol, gasoline
حوض	حَوْض	عربی	basin, pool, tank, sink
رطل	رِطْل	عربی	rottol, a historical Middle Eastern and North African unit of dry weight equal t
ضمیر	ضَمِير	عربی	inner, innermost, heart, secrets of the mind
تسبیح	تَسْبِيح	عربی	Tasbih: glorification of God
فعلا	فِعْلًا	عربی	indeed, in fact, actually, really, practically
معائنہ	مُعَايَنَة	عربی	
بالفعل	بِٱلْفِعْلِ	عربی	truly, actually, as of now, being already effective
شاکر	شاكِر	عربی	thankful, grateful
صدقہ	صَدَقَة	عربی	alms; charitable gift; charity
مقصود	مَقْصُود	عربی	aimed at, intended
تقدیر	تَقْدِير	عربی	
سیخ	سِيخ	عربی	spit, brochette, skewer
نعیم	نَعِيم	عربی	bliss, delight
ابریق	إِبْرِيق	عربی	pitcher, jug
منحوس	مَنْحُوس	عربی	unfortunate, unlucky, ill-omened
اسلوب	أُسْلُوب	عربی	method, manner, mode, style, technique
نیل	نِيل	عربی	indigo (Indigofera)
مذکور	مَذْكُور	عربی	mentioned, aforementioned
مظلوم	مَظْلُوم	عربی	an oppressed person
عمار	عَمّار	عربی	developer, builder
کلیم	كَلِيم	عربی	one who speaks with another person
خیط	خَيْط	عربی	thread; string; cord
مکروہ	مَكْرُوه	عربی	disliked, hated
سفیر	سَفِير	عربی	ambassador or mediator
خلیل	خَلِيل	عربی	a close friend, an intimate
وفد	وَفْد	عربی	delegation, despatch, mission
شمشیر	شَمْشِير	عربی	
نذیر	نَذِير	عربی	bringer of bad news, herald, legate, apostle, warner
عتیق	عَتِيق	عربی	antique, ancient, archaic, old
کشمیر	كَشْمِير	عربی	Kashmir (a contested geographic region of South Asia in the northern part of the
شکور	شَكُور	عربی	habitually thankful, grateful
شریر	شَرِير	عربی	evil
مزید	مَزِيد	عربی	more, an extra amount or extent
افیون	أَفْيُون	عربی	opium
باعث	بَاعِث	عربی	
جائز	جَائِز	عربی	permissible, possible, conceivable, permitted
ادیب	أَدِيب	عربی	cultured, refined, educated
منیر	مُنِير	عربی	bright
قائل	قَائِل	عربی	
اریج	أَرِيج	عربی	fragrance
نشور	نُشُور	عربی	resurrection
منصور	مَنْصُور	عربی	triumphant, victorious
انیس	أَنِيس	عربی	close, intimate; close friend; friendly, kind, affable, civil, polite, courteous
صائب	صَائِب	عربی	right, correct; pertinent, relevant
نبیل	نَبِيل	عربی	noble, of noble lineage, honored, celebrated
سلجوق	سَلْجُوق	عربی	Seljuk (founder of the Seljuk dynasty)
معبود	مَعْبُود	عربی	worshipped, adored
یک	يَكُ	عربی	
مخلوط	مَخْلُوط	عربی	mixed
ضائع	ضَائِع	عربی	lost
مغلوط	مَغْلُوط	عربی	erroneous, incorrect, fallacious
محسوس	مَحْسُوس	عربی	felt, sensed, perceived
معصوم	مَعْصُوم	عربی	infallible, impeccable, immaculate (incapable of wrongdoing or sin)
تعویذ	تَعْوِيذ	عربی	amulet, talisman
ذرائع	ذَرَائِع	عربی	
ملبوس	مَلْبُوس	عربی	an article of clothing; a garment, what is worn (plural form is more common and 
تائید	تَأْيِيد	عربی	support, endorsement, approval
مشکوک	مَشْكُوك	عربی	doubtful, doubted
نان	نَأْنِ	عربی	
ترکی	تُرْکی	فارسی	Turkic or Turkish
نہ	نَه	فارسی	not
سلطان	سُلْطان	فارسی	sultan; king, ruler, sovereign
شہر	شَهْر	فارسی	city, town
بد	بَد	فارسی	bad; not good
داخل	داخِل	فارسی	inside
زنگ	زَنگ	فارسی	bell
سن	سِنّ	فارسی	age
امریکا	آمْریکا	فارسی	America, the Americas (a supercontinent consisting of North America, Central Ame
اما	امّا	فارسی	but
اساسی	اَساسی	فارسی	fundamental
تہ	تَه	فارسی	bottom
لازم	لازِم	فارسی	necessary
کمان	کَمان	فارسی	bow
یزدان	یَزْدان	فارسی	god
غمگین	غَمگین	فارسی	sad (of people)
تصمیم	تَصمیم	فارسی	decision, determination
یتیم	یَتیم	فارسی	orphan
باتری	باتْری	فارسی	battery
سلاح	سِلاح	فارسی	weapon
جشن	جَشْن	فارسی	celebration, festival, feast
فہم	فَهم	فارسی	understanding
کار گاہ	کارْگاه	فارسی	workshop
بیگناہ	بیگُناه	فارسی	innocent
ابن	اِبن	فارسی	ibn; a word meaning "son", used only in patronymic names and certain literary ex
مشغول	مَشغول	فارسی	busy, occupied (in doing something, etc.)
مجبور	مَجبور	فارسی	compelled, obliged, forced
خالق	خالِق	فارسی	the Creator (God)
کولر	کولِر	فارسی	air-conditioner
اولی	اوّلی	فارسی	the former, the first
بلا	بَلا	فارسی	affliction
کرشن	کرِشن	فارسی	Krishna (Hindu god)
تقویم	تَقویم	فارسی	calendar
وصل	وَصل	فارسی	union, connection, joining
خشت	خِشْت	فارسی	adobe, sun-dried brick
تربوز	تَربوز	فارسی	Dari standard spelling of تربز ("watermelon").
فارغ	فارِغ	فارسی	unencumbered, unburdened, free, unconcerned with
پاکستانی	پاکِستانی	فارسی	Pakistani
اولا	اولاً	فارسی	firstly, first of all (mainly in sequences and enumerations)
تشکیل	تَشکیل	فارسی	formation; foundation, establishment
عرض	عَرض	فارسی	breadth, width
عام	عامّ	فارسی	common
ماہر	ماهِر	فارسی	skilled, skillful, proficient, adept
حکیم	حَکیم	فارسی	sage, wise man
بعض	بَعْض	فارسی	some, certain, few, several
دفاع	دِفاع	فارسی	defence/defense
سکہ	سِکّه	فارسی	coin
حملہ	حَمْله	فارسی	attack
درویش	دَرْویش	فارسی	poor, needy
درد ناک	دَردناک	فارسی	painful, sore, aching
قہر	قَهْر	فارسی	anger
ای میل	ایمِیل	فارسی	e-mail, email
سکا	سَکا	فارسی	Scyth, Scythian (person from Scythia)
مشق	مَشْق	فارسی	exercise, drill, homework
معذور	مَعْذور	فارسی	excusable; exempt
مطلقا	مطلقاً	فارسی	absolutely
غالبا	غالباً	فارسی	mostly
ہرجائی	هَرْجَائِی	فارسی	vagrant, wandering, itinerant
