lafz	aeraab	qism	maani_en
ال		noun	plough; the beam of a plough
چندین	چَندین	adj	much; a lot
این		det	this; the
گنجینه		noun	treasure
گردنبند		noun	necklace
روبه جلو		adj	ad hoc
رجب		noun	Rajab (the seventh month of the Islamic calendar)
فضاپیما		noun	spacecraft
ترگمان		noun	translator
وب نوشت		noun	website
حسابدار		noun	accountant
عصر بخیر		intj	good afternoon
قاصدک		noun	dandelion
شنبه		noun	Saturday
تابستان		noun	summer
گوش دادن		verb	to listen
سنگسار		noun	stoning, lapidation
فروختن		verb	to sell
مادربزرگ		noun	grandmother
آش		noun	aush (thick Persian-style soup)
پدربزرگ		noun	grandfather
مو		noun	hair
عمو		noun	paternal uncle
گهگاه		adv	sometimes
گلدان		noun	flowerpot
سیم کارت		noun	SIM card
زشت		adj	ugly
فهمیدن		verb	to understand (hear correctly and know the language)
زورمند	زورمَند	adj	strong; powerful
ژاپنی	ژاپُنی	adj	Japanese
لهستانی		noun	Polish
سرباز		noun	soldier
خواننده		noun	singer, vocalist
فرهنگی		adj	cultural
خربزه		noun	melon
دانشجو		noun	Higher education student, a university student
ول		adj	free
قارچ		noun	mushroom
گوجه		noun	plum
هندوانه		noun	watermelon
پرتقال		noun	orange
بنفش		adj	violet, violet-coloured
سوسک		noun	cockroach; ellipsis of سوسک حمام (susk-e hammâm)
دست شما درد نکنه		intj	thank you
دوچرخه		noun	bicycle
بامزه		adj	cute
عابر بانک		noun	ATM, cash machine
زشتی		noun	ugliness
کونگ فو		noun	kung fu
دستمال		noun	handkerchief
را		particle	Used to mark certain noun phrases as the direct object. Since it is obligatory for all definite direct objects
کارگر		noun	worker, labourer, workman
گسترده		adj	widespread
نارگیل		noun	coconut
ازگیل		noun	medlar
کشاورز		noun	farmer
هنرمند		noun	artist
سیاستمدار		noun	politician
چکاوک		noun	skylark, lark
قو		noun	swan
دستکش		noun	glove
نامزد		noun	candidate
پختن		verb	to cook
آتشکده		noun	fire temple (a Zoroastrian place of worship, where fire is kindled)
اسپانیولی		adj	Spanish (language)
هواپیما		noun	aeroplane
داروخانه		noun	pharmacy (a place where prescription drugs are dispensed)
رانندگی		noun	driving
رانندگی کردن		verb	to drive
اسکنر		noun	scanner
چاپگر		noun	printer (computing)
عاج		noun	ivory
زگیل		noun	wart
گوشواره		noun	earring
زیست		noun	life
دلتنگ		adj	sad
پوسته		noun	membrane
جانورشناسی		noun	zoology
جانورشناس		noun	zoologist
پدیده		noun	phenomenon
جا		noun	place
باغچه		noun	small garden, front garden/front yard
پادزهر		noun	antidote
پادزهری		adj	antidotal
پشمی		adj	woollen
پشمالو		adj	fuzzy, furry, hairy, woolly, shaggy
مهتابی		adj	moonlit
دارکوب		noun	woodpecker
هنرپیشه		noun	actor/actress
کودکستان		noun	nursery school
ریا		noun	hypocrisy, dissimulation
مردمک		noun	little man
رساندن		verb	to deliver
فرمودن		verb	to order, to command
خیساندن		verb	to wet
بمب اتمی		noun	atomic bomb
بخشیدن		verb	to donate, give, grant, bestow, allocate, apportion
شستن	شُستَن	verb	to wash
فرودگاه		noun	airport, airdrome, aerodrome
رگبار		noun	shower (Of intense rain)
گرسنه		adj	hungry
گوزیدن		verb	to fart
خوابیدن		verb	to sleep; to fall asleep
خواب رفتن		verb	to sleep
افکندن		verb	to throw
گریستن		verb	to cry, to weep
چی		pron	what?
انگاشتن		verb	to suppose, to imagine
ساختن		verb	to make
ساختمان		noun	building
چیزی		pron	something
پرونده		noun	case
مارچوبه		noun	asparagus
تابستانی		adj	summery
زمستانی		adj	wintry
سازمان		noun	organisation
سازمانی		adj	organisational
کتابچه		noun	booklet
گشنیز		noun	coriander, cilantro
عبا		noun	cloak
لشکری		adj	military
لنگیدن		verb	to limp
پله		noun	a stair, step
یکی		pron	one (The first mentioned of two things or people, as opposed to the other.)
چهل		num	forty
هفتاد		num	seventy
هشتاد		num	eighty
پارکینگ		noun	car park (UK), parking lot (North America)
ویزا		noun	visa
فرستادن		verb	to send
فرستاده		noun	messenger
زندانی		noun	prisoner
زندانبان		noun	jailer, gaoler
بادامک		noun	tonsil
لوزه		noun	tonsil
پیامبر		noun	prophet, messenger (of God)
صبحانه		noun	breakfast
خوشگل		adj	beautiful, handsome, good-looking
خوشگلی		noun	beauty
آوازی		adj	vocal
کهکشان		noun	galaxy
شیوا		adj	eloquent
یواش		adj	slow
تپه		noun	hill
یورو		noun	euro (the currency unit of the European Monetary Union)
قفسه		noun	cupboard
بادبادک		noun	kite (recreational object)
غمگینی		noun	sadness
مختل		adj	disturbed, deranged
مختل کردن		verb	to confuse
مسلحانه	مُسَلَّحانِه	adj	armed
دوازده		num	twelve
سمینار		noun	seminar
قورباغه		noun	frog
رزرو کردن		verb	to reserve
دی		adv	yester
اسفند		noun	wild rue
بیمارستان		noun	hospital; bimaristan
تیمارستان		noun	asylum
کوهستان		noun	mountain area, the mountains
فرهنگستان		noun	academy
دهستان		noun	rural district made up of villages
آیش		noun	fallow
گدازه		noun	lava
زورخانه		noun	"house of strength"
سوختن		verb	to burn, to be burnt
سوختگی		noun	burn
یاد گرفتن		verb	to learn
یخی		adj	icy
برنامه		noun	foreword
گفته		noun	statement
راه رفتن		verb	to walk
نوع		noun	type, kind, sort
ترمز کردن		verb	to brake
ایل		noun	clan
عن		prep	from
فضای بیرونی		noun	outer space
دخترانه		adj	girly, girlie
پناهگاه		noun	shelter
پناهنده		noun	refugee
سرخک		noun	measles
هموطن		noun	compatriot
کشاورزی	کِشاوَرْزی	noun	agriculture; farming
کفشدوزک		noun	ladybird or lady-bird, ladybug (Canada, US)
فوتبالیست		noun	footballer (British); football player (Britain), soccer player (US, Canada, Australia)
خبرنگار	خَبَرْنِگار	noun	reporter
پزشک		noun	doctor, physician
پشیمانی		noun	regret, remorse
دیدگاه		noun	point of view
آهنگساز		noun	composer
دزدی		noun	theft
پیشنهاد کردن		verb	to suggest, to propose, to offer
تفریح کردن		verb	to have fun
اعتقاد داشتن	اِعْتِقاد داشْتَن	verb	to believe
دزدی کردن		verb	to steal
عوض کردن		verb	to change
دستبرد زدن		verb	to rob
بمباران کردن		verb	to bomb
زمزمه کردن		verb	to hum
پیشرفت		noun	progress
بیستم		num	twentieth
پیشرفت کردن		verb	to make progress
دلواپسی		noun	worry
دهگان		noun	village settlers or urban dwellers in contrast to nomads
ایستگاه		noun	station
زردچوبه		noun	turmeric
دبیرستان		noun	secondary school, high school
رهبری		noun	leadership
خشونت خانگی		noun	domestic violence
چرب		adj	fatty
کتابدار		noun	librarian
پایتخت	پَایْتَخْت	noun	capital, capital city
ممنون		adj	grateful, thankful
جهانگرد		noun	tourist
بچه قورباغه		noun	tadpole
زیرنویس		noun	subtitle.
خوکچه		noun	piglet
میانجیگری		noun	mediation
میانجیگری نمودن		verb	to mediate
میانجیگری کردن		verb	to mediate
چزمه		noun	A type of boot
روشنفکر		adj	enlightened
بادکنک		noun	balloon
ایلی		adj	tribal
هوو		noun	sister-wife
خزنده		noun	reptile
امپراتوری		adj	imperial
رنگارنگ		adj	colourful
آشپزی		noun	cookery
بهشتی		adj	paradisiacal; of, or relating to, paradise
نماینده		noun	delegate
دستگاه		noun	machine
اتو		noun	clothes iron, flatiron
مجازات		noun	punishment
کرگدن		noun	Indian rhinoceros
راهنما		noun	guide
جنبش	جُنْبِش	noun	movement
لنگرگاه		noun	harbour
خاکستر		noun	ash, cinders
درگذشتن		verb	to pass away
زادگاه		noun	birthplace, hometown
پیشنهاد		noun	suggestion, proposal
آخ		intj	ouch
دنده		noun	rib
بمباران		noun	bombing
همشیره		noun	sister
هماهنگ		adj	harmonious
یاوری		noun	assistance
عود		noun	incense
ژاژومک		noun	pulse, French bean
باران باریدن		verb	to rain
ژکفر		adj	patient
ژکفری		noun	patience
اعنی	اَعنی	adv	that is to say, namely
اغتشاش		noun	disturbance
افراشتن		verb	to raise, to elevate, to lift, to exalt, to erect
افراختن		verb	to raise, to elevate
آفتابه		noun	ewer, ibrik
افزودن		verb	to increase; to add
لرزه		noun	shivering
پزیدن		verb	to cook
فال گرفتن		verb	to divine the future
افتادن	اُفتادَن	verb	to fall
نبردناو		noun	battle cruiser
بابک		noun	a little father
نوا		noun	The name of a mode (دستگاه (dastgâh)) in Persian classical music.
روزگار		noun	time
لب گرفتن		verb	to kiss, to make out
پیشگیر		noun	towel
شناسنامه		noun	ID card
دانشنامه		noun	encyclopedia
فرهنگنامه		noun	dictionary
بزودی		adv	shortly,
چروک شدن		verb	to wrinkle
آسیایی		adj	Asian, Asiatic
آزمایشگاه	آزمایِشگاه	noun	laboratory
گلچه		noun	floret
اتو کردن		verb	to iron
بین نژادهای مختلف		adj	interracial
دستارسر		noun	turban
گلپر		noun	golpar, Persian hogweed (Heracleum persicum) (the seeds, leaves and stalks are used in Persian cooking)
نینتندو		noun	Nintendo
با		prep	with (someone)
دگمه		noun	button
ها		intj	yeah, yes
پولدار		adj	rich, well-off, wealthy (possessing much money)
دانلود کردن		verb	to download
گلبرگ		noun	petal, rose petal
نیروگاه		noun	power station, power plant
تلفن همراه	تِلِفُنِ هَمْراه	noun	mobile, mobile phone
پشه		noun	mosquito
پستاندار		noun	mammal
مهبانگ	مِهبانگ	noun	Big Bang (the theory)
عکس گرفتن	عَکس گِرِفتَن	verb	to take a photograph
رژیم گرفتن		verb	to go on a diet
دوش گرفتن		verb	to take a bath or shower
تصمیم گرفتن		verb	to make a decision
رقصیدن		verb	to dance
برگشت		noun	return
برگشتن		verb	to return, to come back
دژخیم		adj	malignant
سخنرانی		noun	speech
جانماز		noun	prayer rug, prayer mat
کشتگی		noun	murder
خاکروبه		noun	rubbish
رأی		noun	opinion, view
ورع		noun	pious abstinence; self-abnegation
همکار		noun	colleague
شنبلیله		noun	fenugreek
تنگه		noun	strait
فرار مغزها		noun	brain drain
استفاده		noun	use
نفس کشیدن		verb	to breathe, draw breath
سیگار کشیدن		verb	to smoke (cigarettes)
خستگی	خَستِگی	noun	tiredness
پریروز		adv	the day before yesterday
مجازات مرگ		noun	death penalty
مسابقه		noun	competition; match; contest
نرم نرمک		adv	softly, softly
رنگین		adj	coloured, colored
پسرک		noun	little boy, lad
شهسوار		noun	knight
تبریک گفتن		verb	to congratulate
سپیده		noun	dawn, first light
فمینیسم		noun	feminism
شهردار		noun	mayor
مستضعفان		noun	the oppressed, the poor and needy; plural of مستضعف
جانبازان		noun	disabled war veterans of the Iran-Iraq War; plural of جانباز
جانباز		noun	one who would offer up their life
صورت گرفتن		verb	to take place
جوجه		noun	chick (baby bird)
چرخیدن		verb	to rotate, turn, revolve, spin (to move around an axis)
راستگو		adj	truthful
بنگاه		noun	institute, institution
رودخانه		noun	river
پیازچه		noun	spring onion
سقط جنین		noun	abortion
گذرنامه		noun	passport
چرت و پرت		noun	nonsense
استفاده کردن		verb	to use
رویا		adj	growing
نیرومند		adj	strong
نژادپرستی		noun	racism
نژادپرست		noun	racist
یهودستیزی		noun	anti-Semitism
شمشیربازی		noun	fencing
سرنوشت		noun	destiny; fate
کمانچه		noun	kamancheh
کارشناس		noun	expert
اوج		noun	acme
صندوقدار		noun	cashier
نارنجک		noun	grenade
کمربند		noun	belt
دخترک		noun	little girl
هجرت		noun	Hegira, Hijra
وعظ		noun	sermon
خصمانه		adj	hostile; (adverbially) hostilely
خوی		noun	helmet
وقع		noun	regard, consideration
مساحت	مَساحَت	noun	area
المزده		adj	heartbroken
لرزان		adj	trembling
تندپز		noun	microwave oven
کنجکاو		adj	curious, inquisitive
فروهر		noun	faravahar, fravashi (Zoroastrian and Iranian symbol)
کوبیده		adj	pounded
وش		noun	boll
ضرب اسکالر		noun	scalar product
درباره		prep	من دنبال کتابی درباره شعر فارسی میگردم.
man donbâl-e ketâb-i dar-bâre-ye še'r-e fârsi mi-gardam.
I'm looking f
گزیدن		verb	to bite
سبزه		noun	grass
بشکن		noun	snapping (one's fingers)
بشگن		verb	snapping (one's fingers)
ارغمچین		noun	rope
عدو		noun	enemy, foe
دخترباز		noun	womanizer
ژئوفیزیک		noun	geophysics
سرآشپز		noun	head cook
چلچله		noun	martin, swallow (bird)
باژبان		noun	a revenue collector
باژدار		noun	a revenue collector
زیجک		noun	food made from animal intestines, sausages
خاگینه		noun	a kind of scrambled egg
افراشتگی		noun	exaltation
شوی		noun	husband
کوفتن		verb	to break, bruise, knock, strike, smite, beat, thrash, shake, trample under foot, tread upon
نای		noun	reed
سزیدن		verb	to be worthy
باختن		verb	to lose (a game); to be defeated, to be bested
معرفت		noun	knowledge, learning
نعلبند		noun	farrier
چایخانه		noun	teahouse
دستگیر کردن		verb	to arrest (to seize someone with the authority of the law)
رجولیت		noun	virility, manhood
کلانتر		noun	sheriff (all meanings)
غو		noun	cry, clamor, thunder
باتلاق		noun	swamp, marsh
انباشتن		verb	to fill up
گردیدن		verb	to rotate, turn, revolve, spin (to move around an axis)
گندیدن		verb	to rot, decay, go bad, spoil
انجامیدن		verb	to end
افروختن		verb	to kindle
پوهنتون		noun	university
بوی		noun	smell, scent
پنبه		noun	cotton
خاژغان		noun	kettle
گذشتن	گُذَشتَن	verb	to pass, to pass away (especially of time)
اومانیسم		noun	humanism (ethical system)
تیلماچی		noun	interpreter
تربز		noun	watermelon
برخاستن		verb	to stand, to get up (to rise to one's feet)
همدستی در جرم		noun	complicity
همدستی		noun	collaboration
همدستی کردن		verb	to abet
تنجیدن		verb	to strain
هزاردستان		noun	nightingale
گاوزنه		noun	ox-goad
گرزمان		noun	the highest heaven; heaven
دژند		adj	acid, tart
انبارده		adj	filled, full, replete
انباردن		verb	to fill
شارستان		noun	city
هنگام		noun	moment, time, event
کارگیر		noun	a solid structure of stone
آبگینه		noun	glass (substance)
محاسبه		noun	computation, calculation
شرمنده		adj	ashamed
گوینده		noun	speaker
درمانگاه	دَرْمانْگاه	noun	clinic
بازگشت		noun	return (act of returning)
برداشتن	بَرْداشتَن	verb	to pick up
آنچه		pron	what; used for the heads of relative clauses when it is not a human.
دزدیدن		verb	to steal
توانستن		verb	to be able; can
دنبال		noun	rear; behind
نردبان		noun	ladder (climbing tool)
دونسن		verb	to know (something)
دونستن		verb	to know (something)
سرچشمه		noun	root, source
گشودن		verb	to open
پدرزن		noun	father-in-law (wife's father)
پدرشوهر		noun	father-in-law (husband's father)
پسرخاله		noun	cousin (maternal aunt's son)
پسردائی		noun	cousin (maternal uncle's son)
پسرعمو		noun	cousin (paternal uncle's son)
پسرعمه		noun	cousin (paternal aunt's son)
دخترخاله		noun	cousin (maternal aunt's daughter)
دختردائی		noun	cousin (maternal uncle's daughter)
دخترعمو		noun	cousin (paternal uncle's daughter)
دخترعمه		noun	cousin (paternal aunt's daughter)
مادرزن		noun	mother-in-law (wife's mother)
مادرشوهر		noun	mother-in-law (husband's mother)
ناپدری		noun	stepfather
نامادری		noun	stepmother
گذاشتن		verb	to let, to permit, to allow (takes the subjunctive)
نگریستن		verb	to look
سپنج		noun	guesthouse, inn
پوزخند		noun	grin, sneer
خورشیدی		adj	solar
باد خورشیدی		noun	solar wind
فیلترشکن		noun	filter-break (software that enables an Internet user to gain access to filtered, or blocked, webpages.)
آزردن		verb	to annoy, to torment
نهفتن		verb	to hide; to conceal
گریختن		verb	to flee
فهماندن		verb	to explain, to make understood, to make clear
فهموندن		verb	to explain, to make understand
فریفتن		verb	to deceive
خشکاندن		verb	to dry
خشکوندن		verb	to dry
کوچک شدن		verb	to shrink, to become small
یاد رفتن		verb	to forget
توضیح دادن		verb	to explain
ژولیدن		verb	to become disheveled, to become chaotic, to become messy
راست گفتن		verb	to tell the truth, to be truthful
ستنبه		adj	strong, robust, powerful, bold
کیلوگرم		noun	kilogram, kilogramme
کوارک شگفت		noun	strange quark
بلد بودن		verb	to know; to know how
برهنگی		noun	nudity, nakedness
سپردن	سِپَردن	verb	to traverse, to pass
به خاطر سپردن		verb	to commit to memory; to learn by heart
به فراموشی سپردن		verb	to forget
دروغ بافتن		verb	to lie, to spread falsehood
گزاف گفتن		verb	to exaggerate
گزاف	گَزاف	adj	extravagant, excessive, exorbitant
مجازات کردن		verb	to punish
مداخله کردن		verb	to interfere, to intrude, to meddle
بهبود		noun	improvement, recovery
چرکچی		noun	baker
جارچی		noun	crier
پذیرائی		noun	living room
موفق باشی		intj	good luck
موفق باشید		intj	good luck
سنجاقک		noun	dragonfly
زیپ		noun	zipper, zip
جناب آقای		pron	his Excellency (Used when addressing a male with high status in a formal way.)
تهرانی		adj	Tehrani, Tehranian
مادرانه		adj	motherly, maternal
پدرانه		adj	fatherly, paternal
پسرانه		adj	especial to or designed for boys
زندون		noun	colloquial-un form of زندان (zindān /zendân).
غلغله		noun	noise
زنونه		adj	colloquial-un form of زنانه (zanâne)
سندرم		noun	syndrome (attributive)
نشخوار		noun	chewing the cud, rumination
سلام رساندن		verb	Give one's regards
چندشوهری		noun	polyandry
همچنین		adv	also, as well
وغا		noun	war, battle, tumult
دانسته		adv	on purpose
آوا		noun	sound
کوانتم		noun	quantum
کلکین		noun	window
ار		conj	if
تغییرات		noun	broken plural of تغییر (taġyīr /taġyir)
زندگانی		noun	life, way of life, course of one's life
جزئیات		noun	detail, details
مازندرانی	مازَندَرانی	adj	Mazanderani
قانون بقاء انرژی		noun	law of conservation of energy
آریایی		adj	Aryan
زوجیت		noun	matrimony
هام دبیریه		noun	similiscript
پادشاهی		noun	kingdom
برچسب		noun	tag, label (on a product)
شکلک		noun	making faces, grimace
ناخوشایند		adj	unpleasant
برگردان		noun	translation (the act or result of translating)
شکارچی		noun	hunter
کاروانسرا		noun	caravanserai
زرنگ		adj	clever, cunning, bright, sharp, shrewd
باکرگی		noun	virginity
دلگیر		adj	sad, upset
دلگیری		noun	sadness, grief, sorrow
استاندار		noun	governor-general
نارگیله		noun	narghile, hookah
گیتاریست		noun	guitarist
استمراری		adj	continuous, progressive
انگیختن		verb	to provoke; to instigate
متفکر		noun	thinker, intellectual
ترساندن		verb	to frighten
جوشاندن		verb	to boil
جوشوندن		verb	to boil
چسبوندن		verb	to stick
چسباندن		verb	to stick
چسبیدن		verb	to stick, to be stuck, to adhere
خوراندن		verb	to feed
خوروندن		verb	to feed
نوازنده		noun	musician
انرژی تاریک		noun	dark energy
ریزاندن		verb	to spill
سرفیدن		verb	to cough
بردمیدن		verb	to breathe into
بیختن		verb	to sift; to sieve
دروغگو		noun	liar
بودیسم		noun	Buddhism
فراگیر		adj	pervasive
چاله		noun	pit, hole, hollow
فضازمان	فَضازَمان	noun	spacetime
پیرمرد		noun	an old man
پا به عرصه وجود گذاشتن		verb	to come into the world; to be born
مکافات		noun	requital:
گریزان		adj	evasive, elusive
زنانگی		noun	femininity, womanliness
جنگجویی		noun	combativeness; belligerence
خرس سیاه آسیایی		noun	Asiatic black bear
شغال طلایی		noun	golden jackal
ماهتاب		noun	moonlight
دارنده		noun	owner
میرنده	میرَنده	noun	mortal (something, particularly a person, that can or will die)
زیستی		adj	biological
آرام گرفتن		verb	to rest
رقصنده		noun	dancer
خشمگین	خَشمگین	adj	angry
جوی		noun	stream
هرزگی	هَرزگی	noun	debauchery, depravity
گفته شدن		verb	to be called
بارندگی		noun	rainfall
گنوستیک		noun	Gnostic
گنوستیسیزم		noun	Gnosticism
دمیورژ		noun	Demiurge
درد گرفتن		verb	to hurt
سیزده		num	thirteen
چهارده		num	fourteen
پانزده		num	fifteen
شانزده		num	sixteen
میتوکندریایی		adj	mitochondrial
ریزموج		noun	microwave (electromagnetic waves with wavelengths from one meter to one millimeter, or with frequencies betwee
سوسیالیستی		adj	socialist, socialistic
به خواب رفتن		verb	to go to sleep
چهارصد		num	four hundred
چهارصد و بیست		num	four hundred and twenty
مزدیسنا		noun	Mazdean; Zoroastrian
متشکرم		intj	thank you
فرمانرو		noun	kingdom
سپاسگزار		adj	thankful
امامزاده		noun	imamzadeh
شگرف		adj	excellent, wonderful, fantastic
پنهان شدن		verb	to hide; to go into hiding
پنهان کردن		verb	to hide, to conceal
یکا		noun	unit
یکای کیهانی		noun	astronomical unit
امروزه		adv	nowadays
گوریل غربی		noun	western gorilla (Gorilla gorilla)
گوریل شرقی		noun	eastern gorilla (Gorilla beringei)
چقدر		adv	how much
دیسال		adv	yesteryear
پوده		adj	rubbed, worn; fallen to pieces
سوسیالیسم دموکراتیک		noun	democratic socialism
الکترومغناطیس		noun	electromagnetism
گو		adj	brave; heroic
خی		noun	chi (greek letter)
مرغانه		noun	egg (body produced by birds)
گنجشک		noun	sparrow
پوزش		noun	apology
دلبستگی		noun	affection
تفریح		noun	recreation; amusement
سهمگین		adj	scary, horrific, awful, dreadful, terrible
بیمناک		adj	scary
ترسناک		adj	scary
پیشکش		noun	gift, present
راهبردی		adj	strategic
هراسیدن		verb	to fear
درخشان		adj	shiny
فرسوده		adj	torn, worn out, shabby, used
تگزاسی		noun	Texan
میو		intj	meow (used to indicate the cry of a cat)
چو		prep	like
یان		noun	delusion
بارگذاری		noun	upload
زهرشناسی		noun	toxicology
فرمانده کل قوا		noun	commander in chief
سرگرد		noun	major (military)
سرجوخه		noun	corporal (military)
رویایی		adj	dreamy
رادمنش		adj	generous, munificent
آب اکسیژنه		noun	hydrogen peroxide
هیدروژن پراکسید		noun	hydrogen peroxide
زخمه		noun	plectrum
همانند		prep	like, similar
سوزش		noun	pain, burning sensation
پالایشگاه		noun	refinery
بسپار		noun	polymer
پلیمر		noun	polymer
جیرجیرک		noun	cricket (insect)
راهبرد		noun	strategy
باران آمدن		verb	to rain
شاهدخت		noun	princess, king's daughter
لبخند		noun	smile
لبخند زدن		verb	to smile
پخشه		noun	fly
زردک		noun	carrot
آچمز		adj	pinned
یو		pron	this
نشسن		verb	sit (of a person, be in a position in which the upper body is upright and the legs are supported)
پهپاد		noun	drone (unmanned aircraft)
قاغذ		noun	Kerman, Khesht, Konartakhteh, and colloquial Dari form of کاغذ
خواهرانه		adj	sisterly
برادرانه		adj	brotherly, fraternal
جوغن		noun	mortar (vessel)
دگرگونی		noun	transformation
کلپوک		noun	lizard
بنیادگرا		noun	fundamentalist
بنیادگرایی		noun	fundamentalism
جیجه		noun	chicken (bird)
چیندن		verb	to pluck
پرپروک		noun	butterfly
خو		noun	temper, disposition
پراگماتیسم		noun	pragmatism
سخن گفتن		verb	to speak
فشردن		verb	to press, to squeeze
بزباش		noun	bozbash
نابینایی		noun	blindness
مسلمون		noun	Muslim
دستگاه تناسلی		noun	reproductive system
از خاطر رفتن		verb	to fade from memory, to be forgotten
بالا رفتن		verb	to go up
فرو رفتن		verb	to go down
فروشنده		noun	seller, vendor
درگذشت		noun	death
هواشناسی		noun	meteorology
یکتاپرستی		noun	monotheism
چندخدایی		noun	polytheism
کمترین		adv	the least
پا به جهان گذاشتن		verb	to be born
پا به سن گذاشتن		verb	to get older
پا در میان گذاشتن		verb	to intervene, to intercede
پشت سر گذاشتن		verb	to pass through, to pass by (a period of time, a location)
جا گذاشتن		verb	to leave behind, to forget
کنار گذاشتن		verb	to set aside, to put aside
ردپا		noun	vestige
سفیدپوست		adj	white; white-skinned; caucasian
آمرزیدن		verb	to forgive
کینه ورزیدن		verb	to hate
کمک دادن		verb	to help, to aid, to assist
برگزیدن	بَرگُزیدَن	verb	to choose, to select
تازگی		noun	novelty
هاردکور		adj	hardcore
پرانرژی		adj	energetic
اندرکنش بنیادی		noun	fundamental interaction
اندرکنش ضعیف		noun	weak interaction
اندرکنش قوی		noun	strong interaction
کوبیدن		verb	to beat, to pound, to thrash
خال کوبیدن		verb	to tattoo
یکتاپرستانه		adj	monotheistic
نژادپرستانه		adj	racist
سرپرست		noun	supervisor
مکانیک کوانتوم		noun	quantum mechanics
لو		noun	lip
فرختن		verb	to sell
خندسن		verb	to laugh
دلپذیر		adj	nice, pleasant
پسربچه		noun	little boy, lad
دختربچه		noun	little girl
تابیدن		verb	to shine
ریزبین		noun	microscope
ور		noun	side, way, direction
چبوق		noun	pipestem
آچ		noun	Cappadocian maple (Acer cappadocicum)
بهرامی		adj	Martian
کارورزی	کاروَرزی	noun	internship
تابلوی اعلانات		noun	notice board
زیواندن		verb	to make alive
برزیستن		verb	to survive
زرتشتی		adj	Zoroastrian
ایواه		intj	pooh
گرختن		verb	to flee
واک		noun	voice
پو		noun	leg, foot
پمه	پِمّه	noun	cotton
زوو		noun	tongue
مجگ		noun	eyelash
جزگ		noun	neck
لبظ		noun	accent
کنجد		noun	sesame
تشکیلات		noun	organization(s)
شباهنگام		adv	at night
رفدن		verb	to go
گربسن		verb	to cry
رزم		noun	war, battle, combat
نامردانه		adj	uncourageous, unmanly
شبدیز		adj	black
نوزده		num	nineteen
بانده		noun	bird
اسپست		noun	alfalfa, lucerne
چرمه		noun	white horse
سینزه		num	thirteen
انگشد		noun	finger
ویس		noun	clan
چامه		noun	poem
کارآگاه		noun	detective, investigator, sleuth
پخچه		noun	fly
پیدم		noun	pennyroyal
خارگیل		noun	durian
کرنجال		noun	crab (crustacean)
پشنگه		noun	sprinkle
خنجولک		noun	tickle
دروشیدن		verb	to tremble
اشکفتن		verb	to split
سیچه		adv	why
کیمیاگر		noun	alchemist
آب زندگانی		noun	lit. water of life; Ab-i Hayat, elixir of life
شافتک		noun	whistle (act of whistling)
آذرآبادگان		noun	fire temple
نواختر		noun	nova
ابرنواختر		noun	supernova
اخترمار		noun	astronomer
همسده		noun	neighbour
شکمبه		noun	rumen
رو		noun	sigh, groan
آسیو		noun	mill
بختن		verb	to sift
خوشنویسی		noun	calligraphy
خوشنویس		noun	calligrapher
زیرشیروانی		noun	attic
مقرنس		noun	muqarnas
چندضلعی		noun	polygon
چوگان		noun	crosier
ایستگاه اتوبوس		noun	bus stop
تراشتن		verb	to shave
نومزاد		noun	candidate
واو		noun	Arabic letter waw
پرگار	پَرْگار	noun	pair of compasses
گرمابه		noun	hammam, bath
چوبدست		noun	walking stick, cane
اتفاق افتادن		verb	to occur, to happen
رخداد		noun	event
قالیچه پرنده		noun	magic carpet
مانستن		verb	to resemble
زمخت		adj	coarse, rough, harsh
نشانگان آسپرگر		noun	Asperger's syndrome
زرناپا		noun	giraffe
چغاله		noun	unripe fruit
پس پریروز		noun	two days before yesterday
تگرگ	تَگَرگ	noun	hail
اندیشیدن		verb	to think, to reflect, to meditate
تندیس		noun	statue
پایزه		noun	paiza
ون		noun	ash tree (Fraxinus sp.)
کماندار		noun	archer, bowman
مصاحبه		noun	interview
پژواک		noun	echo
همدیگر		pron	each other, one another
ماندگار		adj	permanent, eternal
پرتگاه		noun	precipice, cliff
آیه		noun	verse (of a holy book, such as the Qur'an or Bible)
نشانه سجاوندی		noun	punctuation mark
دانشکده		noun	college
بچگی		noun	childhood
غیرفصیح		adj	ineloquent, inarticulate
پراکندگی		noun	dispersion
روزبه		adj	daily fortunate, happier every day
برگشادن		verb	synonym of گشودن
برگشودن		verb	synonym of گشودن
به تازگی		adv	recently
فرداشب		noun	tomorrow night
گفتمان		noun	discourse
دنبال ... بودن		verb	to be looking for something; to be after
شیعی		adj	Shi'ite
قالیباف		noun	carpet weaver
بته جقه		noun	boteh
سرو خمیده		noun	curved cedar
رصدخانه		noun	observatory
تیمچه		noun	small or outlying sector of a bazaar
فرگرد		noun	chapter (of a book), fargard
پدرام		adj	joyous
پژوهشگر		noun	researcher
پرتکاپو		adj	active, hardworking
کشتی گرفتن		verb	to wrestle
شکل گرفتن		verb	to form, to take shape
سکس دهانی		noun	oral sex
سربازخانه		noun	barracks
دستشویی	دَسْتْشویی	noun	sink, washbasin
شوهرخاله		noun	husband of maternal aunt
دنبال ... گشتن		verb	to be looking for
تنبک		noun	tombak
منتظر ... بودن		verb	to be waiting for
شگرفی		noun	excellence
خود را گول زدن		verb	to deceive oneself
وگرنه		adv	otherwise; or else; if not
دارا بودن		verb	to have, to possess (lit. to be possessor of)
خدا را شکر		intj	thank God
وحشتناک		adj	horrible, terrible, awful
همکاری کردن		verb	to cooperate
غیررسمی		adj	unofficial
دویی		noun	duality, dualism
برشمردن		verb	to enumerate
کالبدشناسی		noun	anatomy
سوراخ بینی		noun	nostril
نوروزی		adj	of or pertaining to Nowruz
شبانگاه		noun	nightfall
سراینده		noun	composer (of words)
چمباتمه زدن		verb	to squat
پریشب		adv	the night before last
بازداشت		noun	arrest, detention
بیهوده		adj	ineffective, useless, futile, pointless, trivial
صدمه دیده		adj	damaged; injured
مهاراجه		noun	maharaja
شباهنگ		noun	bulbul, nightingale
شرح دادن		verb	to explain
راجستانی		adj	Rajasthani
آهنگین		adj	musical, melodic
تمییز دادن		verb	to distinguish
برای اینکه		conj	because
مجرد		noun	unmarried (person)
قزلباش		noun	Qizilbash (warrior follower of the Safaviyya order of Sufis that ruled Iran from 1501, marked by their twelve-
کلوچه		noun	cookie
ناگهان		adv	suddenly
یکدفعه		adv	suddenly
یهو		adv	suddenly
تکان خوردن		verb	to quake, to shake
کماکان		adv	still
هماهنگی		noun	harmony, coordination
کمند		noun	lasso, noose
حمل و نقل		noun	transportation
تکاپو		noun	striving, struggle, effort, hustle
غژگاو		noun	yak
والسلام		intj	that's that, end of story, period
شکستنی		adj	breakable
در رفتن		verb	to get away (to escape)
شکننده	شِکَنَنده	adj	breakable, fragile
برگرداندن		verb	to return (something), give back, hand back; send back
دلسوز		adj	compassionate, sympathetic; moved by pity
نگه داشتن	نِگَه داشتَن	verb	to hold, to keep
کلنگ		noun	pickaxe
دردمند		noun	sick, ill
خمیده		adj	curved, bent, crooked
عد		noun	a great number, a multitude
رغبت		noun	propensity, liking, desire (for)
آرزومند		adj	wishful, desirous; eager
ریجکس		noun	regex; regular expression
ناگفتنی		adj	unspeakable
نردشیر		noun	backgammon
نکونام		adj	of good repute
گمرک		noun	customs
غیرنفتی		adj	non-oil
واش		noun	grass
گنجور		noun	treasurer
لوکوموتیو		noun	locomotive
پشمین		adj	woolen (US) or woollen (UK); wooly (US) or woolly
لرزیدن		verb	to shiver, to shudder; to shake, to tremble
کلفت		adj	thick (having a large diameter)
یاسا		noun	Yassa
زرگر		noun	goldsmith
خمیدگی		noun	curviness
پیکربندی		noun	configuration
دریاسالار		noun	admiral
پرطرفدار		adj	popular (liked by many people)
کشکول		noun	beggar
کاشانه		noun	small house
یم		noun	sea
سپهسالار		noun	sipahsalar
فغفور		noun	emperor of China
کلیچه		noun	disk
کپه		noun	heap, pile
رسیدگی		noun	investigation, examination
پنداشتن		verb	to think
بابونه		noun	camomile
جنگاور		noun	warrior
غلتیدن		verb	to roll
جنبیدن		verb	to shake, quiver, vibrate
چغرات		noun	dripped yogurt
تطابق		noun	conformity; agreement
برزکوه		noun	high mountain
خرامیدن		verb	to strut, prance
پژمردن		verb	to wither, to fade
سرشتن		verb	to knead
ابرنجک		noun	lightning
جایگزین		noun	surrogate, substitute, replacement
بنابراین	بِنابَراین	adv	thus, therefore
شکیفتن		verb	to be patient, wait
پراکندن		verb	to scatter, disperse
نگاشتن		verb	to draw, paint
تاختن		verb	to run; chase
تافتن		verb	to twist
قلمرو		noun	realm, dominion; territory; jurisdiction
قلمدان		noun	pen box
تحلیلگر		noun	analyst
تفسیدن		verb	to become hot
انبوییدن		verb	to smell
بخشودن		verb	to forgive, pardon, have mercy
ربودن		verb	to seize, snap
شنوشه		noun	sneeze
اشکفت		noun	cave
سکیزه		noun	jump, leap
سکیزیدن		verb	to jump, leap
بازشناختن		verb	to recognize
کامستن		verb	to wish, to desire
سهستن		verb	to seem
پیختن		verb	to twist; wrap
پژوهیدن		verb	to examine, to investigate, to research
اوان		noun	time, season
آوام		noun	time, season
بسنده		adj	sufficient; (adverb) enough
اوژنیدن		verb	to kill, to slay
ژیگول		noun	dandy, beau
زغال		noun	coal
کپسول		noun	capsule
سرزنده		adj	lively
کالنگ		noun	clam
کارگردان		noun	director, producer
رسانه		noun	media; media outlet
پنکه		noun	fan (electrical device)
قضاوت		noun	verdict; judgement
پایبند		adj	faithful, adherent, committed, bound
سنگک		noun	small stone
مار در آستین پروراندن		verb	to nourish a viper in one's bosom
افسردگی		noun	depression
شهروند		noun	citizen
شهروندی		noun	citizenship
ساربان		noun	caravanner, caravaneer (leader of caravan)
لرزش		noun	tremor
قلمبه		noun	lump
ایر		adj	noble
مجهز	مجهّز	adj	equipped
همهمه		noun	tumult
گروگان		noun	hostage
سنبله		noun	ear of corn
تاپه		noun	stamp, seal
متاهل		adj	unhamzated form of متأهل
نظرسنجی		noun	opinion poll
پشمک		noun	candy floss
لزگه		noun	piece, slice
پستانک		noun	dummy, binky, pacifier (a plastic or rubber teat used to soothe or comfort a baby)
نگندن		verb	to bury
گردباد		noun	whirlwind, tornado
دغدغه		noun	worry, angst
اصطکاک		noun	friction
نیو		adj	brave, valiant
سپریغ		noun	bunch (of grapes or dates)
رخشیدن		verb	to shine
نشپیل		noun	fishing rod
شهرک		noun	town
جشنواره	جَشْنْوارِه	noun	festival
تازیانه		noun	whip
کروگر	کَروگَر	noun	creator
مقتول		noun	murdered person, killed person
سربند		noun	headband
شکستگی		noun	fracture
اف		noun	Transliteration of the name of the letter f in English and other European languages.
اسیدپاشی		noun	acid attack
خجالتی		adj	shy
خجالت		noun	embarrassment; shame; bashfulness; shyness
جواهرفروش	جَواهِرفُروش	noun	jeweller
جواهرفروشی		noun	jeweller's, jewellery shop
بین التعطیلین		noun	a day that falls between two holidays and becomes an unofficial holiday
عزا		noun	mourning
زنجیرزنی		noun	Ritual self-flagellation with chains, especially during the mourning period of Muharram.
نواربهداشتی		noun	sanitary pad, sanitary towel
بهداشتی		adj	hygienic
بهداشت		noun	hygiene, health science
خونریزی		noun	bleeding, a bleed, haemorrhage
مظنون		adj	suspected
مظنونین		noun	broken plural of مظنون (maznūn /maznun)
بشردوستی		noun	humanitarianism
بشردوست		noun	humanitarian
پرتوزا		adj	radioactive
لرزانک		noun	jelly
جداگانه		adj	solitary
تخمک		noun	ovum, egg cell
وزوز گوش		noun	tinnitus
ملاطفت		noun	kindness, affection
گوگولی مگولی		adj	sweet, cute
مشاجره		noun	dispute, quarrel, argument, brannigan
میزبانی وب		noun	web hosting
وین		noun	black grape
راننده		noun	driver
نمکدان		noun	salt cellar, salt shaker
ایرا		conj	herefore, for this reason, because
فا		noun	F, Fa (the fourth note of the fixed-Do solfège scale)
کر آنگله		noun	cor anglais
تنبان		noun	breeches
عصا		noun	stick, rod, staff
بازسازی		noun	reconstruction, reconstitution
پیکارجو		noun	militant
لپه	لپّه	noun	yellow split pea
پناهجو		noun	asylum seeker
پذیرش		noun	acceptance
دادمه		noun	elder
زرمان		noun	decrepit old man
فرچه		noun	shaving brush
گلخانه		noun	greenhouse
سیستم عامل		noun	operating system
حاملگی		noun	pregnancy
سوزاک		noun	gonorrhoea
کلامیدیا		noun	chlamydia
سیفلیس		noun	syphilis
بیماری آمیزشی		noun	sexually-transmitted disease
دستمال کاغذی		noun	paper handkerchief, tissue
هپاتیت ب		noun	hepatitis B
هپاتیت سی		noun	hepatitis C
هپاتیت ویروسی		noun	viral hepatitis
ورزشگاه		noun	stadium
انرژی اتمی		noun	atomic energy
انرژی مکانیکی		noun	mechanical energy
انرژی جنبشی		noun	kinetic energy
کشتارگاه		noun	abattoir
انیمیشن		noun	animation
پرفروش		adj	best-selling
پلوپز		noun	rice cooker
ناپاز		adj	impure
پازش		noun	purification, cleaning, cleansing
کنشگر		noun	activist
کنشگری		noun	activism
پنیرک		noun	mallow, malva
تست بارداری		noun	pregnancy test
فوتبال آمریکایی		noun	American football
قارچی		adj	fungal, of or pertaining to fungi or mushrooms
یوز		noun	cheetah
ایستگاه قطار	ایسْتْگاهِ قَطار	noun	railway station
زیستگاه		noun	habitat
سردبیر		noun	editor-in-chief
همبستگی		noun	solidarity
اقتصاددان		noun	economist
سود سهام		noun	dividend (a pro rata payment of money by a company to its shareholders)
ژی		noun	pond, lake, mere
استقرار		noun	establishment, installment
علو		noun	height
فقدان		noun	privation, absence, lack
دستگاه گلژی		noun	Golgi apparatus
حاء		noun	the name of the Arabic script letter ح
طاء		noun	the name of the Arabic script letter ط
ظاء		noun	the name of the Arabic script letter ظ
کمبیزه		noun	Armenian cucumber
بلمه		noun	long or thick beard
سگرنه		noun	porcupine
درونه		noun	bow related senses
بلسک		noun	spit
نشلیدن		verb	to set; put; place
منجر شدن		verb	to result
پخسیدن		verb	to wither
فرخسیدن		verb	to dance
دژمان		adj	upset, sorry
بشقاب		noun	plate, dish
غلیواج		noun	kite
سپزگ		noun	talebearer, telltale
گریچه		noun	room, chamber
گردهمایی		noun	meetup
پالیدن		verb	to seek
سنکوپ		noun	syncope (loss of consciousness)
منگوله		noun	tassel
لانجین		noun	a large earthen bowl
زلیفن		noun	threat
مقررات		noun	provisions, requirements, stipulations
بگماز		noun	drinking party; banquet
مرگبار		adj	lethal, mortal, deadly
گلدار		adj	flowering
روبنده		noun	face veil, niqab (a veil which covers the face, worn by some Muslim women as a part of sartorial hijab)
دستگیری	دَسْتْگیری	noun	arrest
خشکسالی		noun	drought
فرخنده		adj	lucky, fortunate, blessed
امتداد		noun	extension, prolongation
تخمدان		noun	ovary (female reproductive organ)
بدخیم		adj	malignant
ایستگاه فضایی	ایسْتْگاهِ فَضایی	noun	space station
ایستگاه مترو		noun	underground station, tube station, metro station
شربت		noun	sharbat, sherbet
غربت		noun	exile (as a state); being away from one's native land
قربت		noun	proximity, nearness, closeness
لعبت		noun	toy, plaything
نسبت		noun	relation; connection
تهاجم		noun	invasion, offensive
ساو		noun	tribute
رع		noun	Ra, ancient Egyptian deity of the Sun
فی		noun	tribute
یوزپلنگ		noun	cheetah
روا		adj	allowable, permissible, admissible, lawful
قوا		noun	military, forces
دعوا		noun	quarrel, dispute, argument, disagreement
لپان		adj	glittering
زبان گنجشک		noun	ash tree
وتو		noun	veto
سالگرد		noun	anniversary
روزمره		adj	everyday, quotidian
داس و چکش		noun	hammer and sickle
وام		noun	loan
پلانکتون		noun	plankton
پناهندگی		noun	asylum
پناهندگی سیاسی		noun	political asylum
تدفین		noun	burial, inhumation
بشردوستانه		adj	humanitarian
قاچاقچی		noun	smuggler, trafficker
سانتریفیوژ		noun	centrifuge
بیچاره		adj	helpless, poor
مهمانخانه		noun	guesthouse
جهاندیده		adj	experienced
چهارپا		noun	tetrapod, quadruped
دولتمند		adj	wealthy
موشک بالیستیک		noun	ballistic missile
خبرگزاری		noun	news agency
دوجانبه		adj	bilateral
اسپرز		noun	spleen, milt
نت چنگ		noun	quaver or eighth note (US)
نت دولا چنگ		noun	semiquaver or sixteenth note (US)
استعمارگری		noun	colonialism
برنده		noun	winner
منتقد		noun	critic, reviewer
خواننده اپرا		noun	opera singer
کنسرتو		noun	concerto
کاتالوگ		noun	catalogue
خوشبخت		adj	happy with life, fortunate, fulfilled in life
پنجم درست		noun	perfect fifth
ویرا		adj	aware, learned
اموی		adj	Umayyad
پروتستانی		adj	Protestant
گوی		noun	ball
کلاهک		noun	cap
زغال اخته		noun	Cornus mas, cornel
هشتم		adj	eighth
هفتم		adj	seventh
پنجم		adj	fifth
دوازدهم		adj	twelfth
سیزدهم		adj	thirteenth
چهاردهم		adj	fourteenth
پانزدهم		adj	fifteenth
شانزدهم		adj	sixteenth
هفدهم		adj	seventeenth
نوزدهم		adj	nineteenth
چهلم		adj	fortieth
پنجاهم		adj	fiftieth
هفتادم		adj	seventieth
هشتادم		adj	eightieth
میلیونم		adj	millionth
لجباز		adj	headstrong
عار		adj	shame, ignominy
نیله		noun	synonym of نیل
لاله واژگون		noun	fritillary (plant)
واژگون		adj	upside down (inverted)
سپهبد		noun	commander of army, especially in the Sassanian army
پرهیز		noun	abstinence, abstaining, avoidance
فرسایش		noun	erosion
مارپیچ		noun	spiral
پیچه		noun	helix (shape)
رمزنگاری		noun	cryptography
رمزگشایی		noun	decryption
رمزگذاری		noun	encryption
نامتقارن		adj	asymmetric, asymmetrical
افشا شدن		verb	to be exposed
جوگیر شدن		verb	to get carried away
بی قید و شرط		adj	unconditional
گرمسیری		adj	tropical
نورشناسی		noun	optics
ترفند		noun	trick (dexterous or cunning method)
فاخته		noun	dove, especially of genus Streptopelia
اسپرزه		noun	psyllium
بالکانه		noun	lattice window
سر کیسه را شل کردن		verb	to spend more money, to spend money more readily (literally, "to loosen the drawstring of the bag")
پرداختن	پَرداختَن	verb	to spend
انگیزه		noun	motivation
دستمزد		noun	wage, pay; stipend
جوشیدن		verb	to boil
دو تا هندوانه را با یک دست برداشتن		verb	to pick up or lift two watermelons using one hand
کنار زدن		verb	to draw, pull open, open (the curtains)
سسک		noun	warbler
فرتور		noun	reflection
الفختن		verb	to collect
اندوختن		verb	to collect, to amass, to gather
افسردن		verb	to cool down; freeze
گساردن		verb	to soothe, allay, quell, quench
بازیگری		noun	acting
جا افتادن		verb	to integrate, settle in, fit in
جمع شدن		verb	to gather together, gather up, assemble, gather as a group
جلبک دریایی		noun	seaweed
نجات دادن		verb	to save, rescue (from danger)
مونتاژ کردن		verb	to assemble (for example, furniture, cars, instruments)
شپلیدن		verb	to whistle
برشتوک		noun	A traditional Iranian pastry made with gram flour.
شتابگر		noun	accelerator
بهانه		noun	excuse (explanation designed to avoid guilt)
طرفداری کردن		verb	to favour, side with
باربند		noun	luggage rack, roof rack
بازاریابی		noun	marketing (the promotion, distribution and selling of a product or service)
لسپردرک		noun	hand towel, handkerchief
بلورین		adj	crystalline
سرگیجه		noun	vertigo
دنبال کردن		verb	to go after
بارگاه		noun	hall of audience, reception hall; place where guests, envoys, etc., are greeted or sent away
بارگه		noun	palace
واپسگرا		adj	retrogressive
دلواپس		adj	worried, anxious, solicitous
سطل آشغال		noun	garbage can
سطل زباله		noun	garbage can
برجسته	بَرجَستِه	adj	notable, prominent
فرمانروا		noun	ruler
فرماندار		noun	governor
نامدار		adj	famous
توانمند		adj	capable
توانمندی		noun	capability
رزمایش		noun	maneuver, military training exercise
باغبانی		noun	gardening
باغبان		noun	gardener
هیپوتالاموس		noun	hypothalamus
کاهش		noun	decrease, reduction
یهویی		adv	suddenly
چدار		noun	hobble
حاوی		adj	contained, containing
خونسرد		adj	cold-blooded (having an unregulated body temperature)
چراغ راهنمایی		noun	traffic light, traffic signal
راهنمایی		noun	guidance
بازنده		noun	loser (a person who loses; one who fails to win)
ناموفق		adj	unsuccessful (of a person, that does not have much success, for example in life)
کپک		noun	bran
چرخش		noun	rotation
گاوصندوق		noun	safe (a box in which valuables can be locked for safekeeping)
ورخچ		adj	wretched; mean
نهیب زدن		verb	to yell, shout (to make a loud sound with the voice, often out of anger, to tell someone off or to get attenti
مرحمت کردن		verb	to give, to grant
سراشیبی		noun	downhill (slope)
کپک زدن		verb	to get mouldy
جا دادن		verb	to fit (in a space), make room for
فرو ریختن		verb	to crumble
متبرک		adj	blessed
شغال باران		noun	sudden downpour, cloudburst
پشتک		noun	somersault, flip
بازیافت		noun	recycling
سازنده		adj	productive
بلافاصله		adv	immediately
بانمک		noun	cute
ناپذیرفتنی		noun	unacceptable
چغزراوه		noun	duckweed
حسادت		noun	envy, jealousy
کوزابری		noun	ewer
لخشک		noun	noodle
کرپه		noun	lambkin
چاو		noun	A paper money used in medieval China and briefly introduced by the Mongols to Iran in 1294; the first paper cu
بروفه		noun	towel
نسبت دادن		verb	to attribute
شفابخش		adj	remedial, medic
مقابله		noun	opposition, confrontation
ماربلاش		noun	newt
شخلاسه		noun	hail
پهناور		adj	vast; immense
بیکران		adj	boundless, immense
از بین رفتن		verb	to be destroyed, to be annihilated
سرزنش		noun	blame
سرانجام		adv	finally, eventually
بازداشتن		verb	to withhold, to restrain, to prevent
همچنان		adv	likewise, in such a manner, thus
گذراندن		verb	to spend; to pass (especially of time)
بگران		noun	sorrel (color)
سقرلات		noun	scarlet (color)
چغبوت		noun	batting
چگال		adj	dense
چله		noun	a period of time (especially one of forty days)
جلبک		noun	alga
آبگرمکن		noun	water heater
یارا		noun	strength, power, ability
روشنگری		noun	enlightenment
سرسخت		adj	obstinate, hard-headed, tenacious, headstrong
فلشک		noun	flask; gugglet
نستوک		noun	roving or sliver (fibre)
فرخشنه		noun	qatayef
سرخرگ		noun	artery
سیاهرگ		noun	vein
پلخته		noun	wicker basket
ثروتمند		adj	wealthy, rich
ورشکستگی		noun	bankruptcy
پستچی		noun	postman
سحرباز		noun	magician
خوکچه هندی		noun	guinea pig
سویا		noun	soya
عصبانیت		noun	anger, rage
کارت اعتباری	کارْتِ اِعْتِباری	noun	credit card
کلاهبرداری		noun	fraud
بلدرچین		noun	quail
خوردگی		noun	corrosion
عز		noun	glory, grandeur
منگنه		noun	stapler
پیکسل		noun	badge, button (US), pin-back button (US)
لبنیات		noun	dairy products, dairy
سرنشین		noun	passenger
پوشیه		noun	mask, face veil, niqab (a veil which covers the face, worn by some Muslim women as a part of sartorial hijab)
شماره تلفن		noun	telephone number, phone number
داوطلب		noun	volunteer
ورزشکار		noun	athlete
گورخواب		noun	A homeless person who has to sleep in a grave for shelter.
بازیکن فوتبال		noun	footballer, football player
بازیکن		noun	player (of a game)
سالروز		noun	anniversary
نابرابری		noun	inequality
تلفن هوشمند		noun	smartphone
کنسولگری		noun	consulate
کارفرما		noun	employer, boss
فروشگاه		noun	shop, store
جنگیدن		verb	to fight
زیرزمین	زیرزَمین	noun	cellar, basement
کلفخشنگ		noun	dripstone; stalactite or stalagmite
فیزیکدان		noun	physicist
ایزوتوپ		noun	isotope
روده کوچک		noun	small intestine
گزارشگر		noun	reporter
دستگاه گوارش		noun	digestive system
نکوهیدن		verb	to blame
اشنوسیدن		verb	to sneeze
فرود آمدن		verb	to go down
شامگاه		noun	evening, dusk, eventide, twilight
اپیدورال		noun	epidural (anaesthetic)
سزارین		noun	Caesarean section, Caesarean, C-section
دهانه رحم		noun	cervix
سرطان دهانه رحم		noun	cervical cancer
زایمان زودرس		noun	premature birth, premature labour
زودرس		adj	early, premature
افسردگی پس از زایمان		noun	postnatal depression, postpartum depression
خجسته		adj	fortunate, auspicious
شلوارک		noun	shorts
راک اند رول		noun	rock and roll
راهپیمایی		noun	rally, march
گشنیدن		verb	to impregnate, fecundate
شتافتن		verb	to hasten
شتابیدن		verb	to hasten
وژولیدن		verb	to stimulate
فراموشیدن		verb	to forget
دروغ گفتن		verb	to lie, to tell lies
برای چه		adv	why
کالفته		adj	confused, bewildered
پیشرفته		adj	advanced; sophisticated
دارابزین		noun	balustrade
تطابق کردن		verb	to conform, to be conform
کلبتان		noun	tongs
کلبتین		noun	tongs
زیانکار	زِیانکار	adj	harmful
گذرواژه		noun	password
بر حذر بودن		verb	to be cautious
نمودار		noun	diagram
پدیدار	پَدیدار	adj	visible, evident, apparent, observable
وسع		noun	ability, capacity; (now usually) financial capacity
بر پای خاستن		verb	to stand up
دوباره مجذوب شدن		verb	re-engage
سنبادیه		noun	a cult, followers of Sindbad (Sunpadh) the Magus
پوره		adj	whole
سنبوسه		noun	sambuseh (Iranian pastry with a triangular shape, similar to Indian samosa)
سازگار		adj	compatible
پاراگراف		noun	paragraph
گرمایش زمین		noun	global warming
روغن نارگیل		noun	coconut oil
دژآگاه		adj	bellicose, bloodthirsty.
رهنامه		noun	periplus
گلوتن		noun	gluten
پیشگیری		noun	prevention
استارتاپ		noun	start-up, startup (a new company or organisation or business venture designed for rapid growth)
اسپینر		noun	fidget spinner
ترخینه		noun	tarhana
پرگاله		noun	particle
توانگری		noun	riches, wealth
بانکه		noun	jar
اهل مجلس		noun	"the audience, the invited people"
کاونجک		noun	muskmelon
اهل هنر		noun	"skilled person(s)"
سرسبز		adj	covered with grass and/or other vegetation; green
محاصره		noun	siege, blockade
برپا کردن		verb	to set up
حاخشوک		noun	sickle
مرزه		noun	savory, summer savory
چرخچی		noun	carter (one who transports something by cart)
شکرشکن		adj	sugar-breaking
بی چشم و رو		adj	ungrateful
زاستر		adv	away; beyond
چوغور		noun	sparrow
پاشنه		noun	heel (of a foot)
نسپار		noun	winepress
سترگ		adj	stark, thick, tough, rugged
رنجبر		noun	toiler, drudge
مفسد فی الارض		noun	someone who has spread corruption on Earth, a broadly defined capital crime in Iran
حبسیه		noun	prison poem, habsiyyat
دستباف		noun	handmade knitting
پفلنگ		noun	balloon
تپانچه		noun	handgun, pistol
نوروفیبروماتوز		noun	neurofibromatosis
چندزنی		noun	polygyny
چندهمسری		noun	polygamy
استروژن		noun	oestrogen (UK), estrogen (US)
فرگشت		noun	the evolution (theory)
مادرزادی		adj	congenital
مزلنگ		noun	eyelash
گرجه		noun	plum
گزینه		noun	choice
پاگشا		noun	Pagosha, a reception held for a recently-married couple according to traditional Iranian custom.
ویتامین ث		noun	vitamin C
ویتامین دی		noun	vitamin D
دیابت بارداری		noun	gestational diabetes
کبد چرب		noun	fatty liver
داروشناسی		noun	pharmacology
داروشناس		noun	pharmacologist
مخملک		noun	scarlet fever
سردرد		noun	headache
رفتگر		noun	dustman, street-sweeper
مرزش		noun	having sex
دامپزشک		noun	vet, veterinary surgeon, veterinarian (Aus, US)
دامپزشکی		noun	veterinary medicine
گلبول قرمز		noun	red blood cell, erythrocyte
هموگلوبین		noun	haemoglobin, hemoglobin (US)
گلبول سفید		noun	white blood cell, leucocyte or leukocyte
سرسره		noun	slide
سرسره آبی		noun	water slide
کوهنوردی		noun	mountaineering
کنجکاوی		noun	curiosity
ناباروری		noun	infertility
قرص اورژانسی		noun	morning-after pill, emergency contraceptive pill
ناخواسته		adj	unwanted
سفیده		noun	egg white
پفک		noun	cheese puff
چرخ خیاطی		noun	sewing machine
رختخواب	رَخْتِخواب	noun	bedroll
بغامه		noun	A demon inhabiting the deserts.
سازدهنی		noun	harmonica
گریبان		noun	collar
آنژین صدری		noun	angina pectoris
سرشماری		noun	census, headcount
نامزدی		noun	engagement, betrothal
حلقه نامزدی		noun	engagement ring
گورخوابی		noun	The act of sheltering in a grave to sleep due to homelessness.
ضخامت		noun	thickness
اسپری فلفل		noun	pepper spray
کوکتل مولوتف		noun	Molotov cocktail
بارگنج		noun	container (very large, typically metal, box used for transporting goods)
کشیک دادن		verb	to guard
خفگی		noun	suffocation; asphyxiation
پادگان		noun	garrison
پوشش دادن		verb	to cover (place something over or upon, as to conceal or protect)
رادیکال		adj	radical
موفقیت		noun	success
متشکر بودن		verb	to be thankful, to be grateful
سپاسگزار بودن		verb	to be thankful, to be grateful
ممنون بودن		verb	to be thankful, to be grateful
ممنونم		intj	thank you
ساعت هوشمند		noun	smartwatch
نفتکش		noun	oil tanker
سنگواره		noun	fossil
گهواره		noun	cot (UK), cradle
خوشبختانه		adv	fortunately
نعلبندی		noun	farriery
فشفشه		noun	sparkler
پدافند		noun	defence
تراجنسی		noun	transsexual
شمرده		adj	counted
بابابزرگ		noun	grandpa, grandfather
نباتات		noun	broken plural of نبات (nabāt /nabât)
درشته		adj	crushed, ground
فرب		noun	large river
بلنجمشک		noun	lemon balm
بلنجاسپ		noun	mugwort
گرزن		noun	wreath, crown
اختلال		noun	disruption, disturbance
پشیز		noun	fish scale
هشپلک		noun	whistle
جرامین		noun	pasture
روچه		noun	precocious or early ripe fruit
سکج		noun	raisin
سنجیدن		verb	to weigh
رهانیدن		verb	to liberate, to free, to rescue
تستوسترون		noun	testosterone
خمیرمایه		noun	leaven, yeast
رسیده		adj	aged, mature
ماهچه		noun	little moon
صدمه دیدن		verb	to get injured
صدمه زدن		verb	to injure
پیشخدمت		noun	waiter
برهوت		adj	a wasteland, a desolated desert.
فضانورد		noun	astronaut
بیشترین		adv	the most
لیو		noun	sun, sunlight
زنجره		noun	cicada
فرهست		noun	sorcery
چغندر		noun	beet
خانواده سلطنتی		noun	royal family
بردک		noun	riddle (verbal puzzle)
فوتسال		noun	futsal (a form of football played indoors)
ویولا		noun	viola
آبسنگ مرجانی		noun	coral reef
رآکتور شیمیایی		noun	chemical reactor
رآکتور		noun	reactor
همسریابی		noun	Looking for a husband or wife, a partner.
خواستگاری		noun	proposal (of marriage), especially khastegari, proposing marriage to a woman following Iranian khastegari cust
بالاخره	بِالْاَخَره	adv	finally, in the end
معدنچی		noun	miner
جدول تناوبی		noun	periodic table
مهندسی کامپیوتر		noun	computer engineering
مرورگر		noun	browser (a web browser)
مادربرد		noun	motherboard
خودتراش		noun	razor
بختک		noun	An evil spirit in Iranian folklore equivalent to Germanic mare; nightmare.
ارزشمند	اَرزِشمَند	adj	valuable
ایوار		noun	evening
شبگیر		adj	nocturnal; by night; at night
فشارسنج		noun	barometer
ولع		noun	intense yearning, ardor, (physical) passion
نگران		adj	worried; anxious
پزشکی		noun	medicine (as a subject of study)
وج		noun	sweet flag, Acorus calamus
شعاع		noun	ray, beam (of light)
گوژپشت		noun	humpback, hunchback
تورقوزآباد		noun	nowhere
مرموز		adj	cryptic, mysterious
طمطراق		noun	fanfare, splendour.
شب چله		noun	The night of the forty[-day period].
چله تابستان		noun	midsummer
چله زمستان		noun	midwinter
شب چله زمستان		noun	The night of midwinter.
محاربه	مُحارِبِه	noun	battle, fight, action, combat
خرجین		noun	saddlebag
گوالیدن		verb	to grow
رازیانه		noun	fennel
پدواز		noun	perch
نسترن		noun	dog rose
چموش		adj	restive
کنفت		adj	embarrassed
غرنبه		noun	grumble, rumble
باسترک		noun	common rock thrush
شلتاق		noun	a dispute under false pretenses; quarrel; litigation
پلارک		noun	scimitar
نهره		noun	churn
مجدانی		adj	glorious, noble, Majesty, Lord
چندش		noun	shudder
چنته		noun	sack
دفنوک		noun	ornamental covering of a saddle; saddlecloth
چجور		adv	how
جخش		noun	goitre
بادرم		noun	babble, chatter
غرمج		noun	a kind of stew
هپل هپو		noun	plunder
بادبیزن		noun	fan (hand-held device)
زودپز		noun	pressure cooker
خوا		noun	taste, flavor
گشفتن		verb	to disperse
ویم		noun	flagstone; cobblestone
نانوشته		adj	unwritten
ترفندباز		noun	trickster
منتظر	مُنتَظِر	adj	waiting (for), expecting
نماهنگ		noun	music video
زفاف		noun	wedding, marriage feast
فیزیک نظری		noun	theoretical physics
جوشکار		noun	welder
جوشکاری		noun	welding
سلول خورشیدی		noun	solar cell
شالیزار		noun	paddy field, rice paddy, paddy
همجنسگراهراس		adj	homophobic
سنباده		noun	sandpaper
بیسراک		noun	a camel's colt two years old
کفچه		noun	skimmer (sieve-like, slotted spoon)
کنگره		noun	merlon, battlement
بدحجاب		adj	badly veiled; wearing a form of Islamic dress which is considered (by the speaker or some authority) not to be
کلمات		noun	broken plural of کلمه (kalima /kaleme)
سرکرده		noun	leader, chief, head
آذرگون		noun	marigold (Calendula officinalis)
خونیرث		noun	Xwanirah, the central and largest of the continents in Zoroastrianism and Old Iranian Mythology, believed to b
مغاک		noun	hole
دنبال آمدن		verb	to come after, come for, come get
مارمولک	مارْمولَک	noun	lizard
دماسنج	دَماسَنْج	noun	thermometer
حرارتی		adj	thermal
درمورد		prep	about, concerning, regarding
عوض		noun	substitute
زیر گرفتن		verb	to run over
کبود شدن		verb	to get bruised
له شدن		verb	to get smashed, to get squashed
لیز خوردن		verb	to slide, slip
خوش گذشتن		verb	to pass pleasantly (said of time)
ژکیدن		verb	to grumble
ناپدید	ناپَدید	adj	invisible, hidden
ناپدید شدن		verb	to disappear, vanish
سحرخیز		noun	early riser
بلندگو		noun	loudspeaker, megaphone
امضا کننده		noun	signatory
بچگانه		adj	childish
ادامه دادن	اِدامه دادَن	verb	to continue, keep on doing
نیمکت		noun	bench
کتک زدن	کُتَک زَدَن	verb	to beat up, to thrash
تفنگچه		noun	handgun
خویشتنداری		noun	abstinence, continence, restraint
جرثقیل		noun	crane (mechanical lifting machine)
مشارکت		noun	participation, partnership
واقعا		adv	really; actually
الا		conj	except, save
پدرسالاری		noun	patriarchy
جاروبرقی	جاروبَرْقِی	noun	vacuum cleaner
اوزون برون		noun	sevruga, starry sturgeon (Acipenser stellatus)
دهنه		noun	a precious stone of a thick greenish colour
شلتوک		noun	rice-hull, rice-husk
دوختن		verb	to sew
بیو		noun	bride
مصلحت	مَصلَحَت	noun	interest, benefit, advantage
اسپندان		noun	white mustard (Sinapis alba)
آهیختن		verb	to pull out
فرهیختن		verb	to educate, to teach
دوپیکر		noun	Gemini
چنبر		noun	circle, hoop
چارطاق		noun	a kind of vault resting on four pillars
جنگره		adj	aggressive, rude
بدرام		adj	wild
زنبوردار		noun	beekeeper, apiculturist
زنبورداری		noun	beekeeping, apiculture
استعمارگر		noun	colonialist
نوردرمانی		noun	phototherapy, light therapy
سوی		noun	side
پرتودرمانی		noun	radiotherapy, radiation therapy
پرتونگاری		noun	radiography
در این فاصله		adv	in the meantime, meanwhile
بلورنگاری		noun	crystallography
کاتتر		noun	catheter
آنژیوگرافی		noun	angiography
نشانگر		noun	identifier, marker
تکاندن		verb	to shake (something)
پرتو زدن		verb	to irradiate (expose to radiation)
پیچاپیچ		adj	convoluted, complicated, spiral, mazelike
پیچیده		adj	complicated, complex, convoluted, tricky, labyrinthine
لخته		noun	clot, thrombus
لخته شدن		verb	to clot
نوار مثانه		noun	uroflowmetry, urinary flow rate
مهندسی ژنتیک		noun	genetic engineering
مولکولی		adj	molecular
مهندسی مولکولی		noun	molecular engineering
فرازمینی	فَرازَمینی	adj	extraterrestrial
بستگان		noun	relatives, relations
سراغ گرفتن		verb	to ask after
سگالیدن		verb	to think, consider, discuss
زکاب		noun	ink
دیگدان		noun	stove
لفت دادن		verb	to delay
کپیدن		verb	to snatch, steal, seize
آنغوزه		noun	Ferula (genus)
آروغ زدن		verb	to burp
پرندوش		adv	last night
اجازه دادن		verb	to give permission; to let, to allow
کلان شدن		verb	to grow up, grow
نیمروز		noun	noon, midday
پیشمرگه		noun	peshmerga (Kurdish fighter)
ادبخانه		noun	water closet
مقتدر		adj	powerful
آلوی بخارا		noun	alubukhara
سرپوش		noun	cover
سرپیچ		noun	socket
سیجناک		adj	dangerous
سفربر		adj	who undertakes a journey, ready to travel
زربفت		noun	brocade
بافت		noun	texture (e.g. of a fabric)
پراندن		verb	to cause to fly
قلقلک		noun	tickle
قلقلک دادن		verb	to tickle
افشاندن	اَفشاندَن	verb	to scatter, disperse
جنایتکار		noun	a person who is guilty of a major crime, notably breaking the law
بزهکار		noun	a person who is guilty of petty crimes; delinquent
پیگرد قانونی داشتن		verb	to be prosecutable
دل کسی را زدن		verb	to become uninteresting, boring, unpleasant, or repulsive as a result of excessiveness or passage of time
گزینش		noun	choice, selection
چمیدن		verb	to strut, walk proudly
غمناک		noun	sorrowful, sad
زنگار		noun	verdigris, rust
خروشیدن		verb	to cry aloud, shout
خیار چنبر		noun	golden shower tree, Cassia fistula
خوارزمشاه		noun	Khwarazmshah
قلمتراش		noun	penknife
واج		noun	phoneme
بخشنده		adj	merciful
شکیبنده		adj	patient
دولچه		noun	leathern bucket
پیشتخته		noun	desk, counter in a shop
پاچه		noun	feet (of sheep, calves, or other animals, especially when boiled), trotters
خوشبختی		noun	happiness
برقرار		adj	established
گوجه سبز		noun	greengage
تگلتو		noun	saddle blanket
ماجراجو		noun	adventurer
داروینیسم		noun	Darwinism
ناتمام		adj	incomplete, unfinished, imperfect
چلنگر	چِلِنْگَر	noun	a locksmith
هرکس		pron	anyone, anybody
سرشناس		noun	famous
ناراحت		adj	upset
نهصد		num	nine hundred
هفتصد		num	seven hundred
هشتصد		num	eight hundred
وحی		noun	inspiration
تعطیلات		noun	holidays
کلنجار		noun	a crab
کلنجار رفتن		verb	to fumble with your hands, just like how a crab tries to hold things with its claws
قرشمال		noun	a gypsy, usually female
امیرتومان		noun	a major general, a commander of a division.
سرلشکر		noun	a major general, a commander of a division.
چنبره		noun	a ring or hoop
کلیدساز		noun	a keymaker or a locksmith
اژدهافش		adj	dragon-like, draconic
زادروز		noun	birthday
چکه		noun	drop
شیرفش		adj	lionlike, leonine
کلاگیس		noun	a wig
ارغند		adj	ferocious, raging, formidable
شرزه		adj	ferocious, raging
امیرلشکر		noun	a major general, a commander of a division.
پیش رفتن		verb	to progress, to advance, to go forward
خشنسار		noun	coot
ستهیدن	سِتِهیدن	verb	to withstand, defy, persevere, not give in
با این همه		adv	despite all this, nevertheless
مجروح شدن		verb	to get wounded or seriously injured
کبودچشم		adj	blue-eyed
خیو		noun	spit, saliva
شتر دوکوهان		noun	a Bactrian camel
گشتاور		noun	torque, moment of force
بومهن		noun	earthquake
مکانیک سیالات		noun	fluid mechanics
مکانیک کلاسیک		noun	classical mechanics
مکانیک جامدات		noun	solid mechanics
تیراژه		noun	rainbow
مصادره کردن		verb	to confiscate
مصادره		noun	confiscation
برخال		noun	fractal
زنباره		noun	womanizer, rake
حدس زدن		verb	to guess
سرکنسولگری		noun	consulate general
سرکنسول		noun	consul general
پابرهنه		adj	barefoot
برساخت		noun	construct
چیله		noun	stick, twig, kindling
کبودپشت		noun	the sky
پنهان		adj	hidden, unseen, secret
چنانکه		adv	as, like
همانطور که		adv	just as, exactly like
درآوردن	دَرْآوَرْدَن	verb	to take out, to extract
تختخواب	تَخْتِخواب	noun	bed (furniture for sleeping)
واری		prep	like, as (similar to)
پرجمعیت		adj	heavily populated (having a large population)
چاودار		noun	rye
طوی		noun	wedding
دنباله		noun	sequence
دمپایی		noun	slippers
سفارشی		adj	recommended
پیشتاز		noun	vanguard
طول کشیدن	طول کشیدَن	verb	to take a long time
متکبر		adj	arrogant
کد پستی		noun	postcode
فکسنی		adj	in poor condition, feeble, rickety
پابرجا		adj	enduring, lasting, existing, prevailing
منفور	مَنفور	adj	hated, detested
پررونق		adj	splendid, prosperous, flourishing
تدریس	تَدریس	noun	teaching, educating, giving lessons
بازنشستگی	بازنِشَستِگی	noun	retirement
نگهداری	نِگَهْداری	noun	taking care of
با این که		conj	although, even though
آشپزی کردن	آشپَزی کَردَن	verb	to cook, to make food
پدیدار شدن		verb	to appear, to emerge
فرومایه		adj	abject, base
سنبه		noun	punch, wimble, auger
سعی	سَعی	noun	try, attempt
حداکثر	حَدِّاَکثَر	adj	at most
چندان	چَندان	adv	so, so much; that (to such a degree)
بازنشسته		adj	retired (no longer working)
هرچه	هَرچه	adv	whatever
کتک خوردن	کُتَک خوَردَن	verb	to get beaten up
معالجه		noun	treatment, cure
سر و صدا	سَر و صِدا	noun	noise, tumult
فرزندخوانده	فَرزَندخوانده	noun	adopted child
کاهش دادن	کاهِش دادَن	verb	to lower, to reduce
بازدید		noun	survey, inspection
قدرتمند	قُدرَتمَند	adj	powerful, mighty
خنداندن	خَنداندَن	verb	to cause to laugh; to make someone laugh
چلوکباب	چِلُوکَباب	noun	chelow kabab, a popular Iranian kebab dish
تافتان		noun	taftan bread
قرار گرفتن		verb	to be put, to be placed
زیبیدن	زیبیدَن	verb	to adorn, embellish, beautify
لاعلاج		adj	irremediable, unpreventable
دستکند	دَستکَند	adj	dug by hand, hand-dug
پس گرفتن		verb	to take back, to retrieve
شهربندان		noun	lockdown (confinement of people as a security measure)
متفاوت	مُتَفاوِت	adj	different, unlike
درمنه		noun	wormwood (Artemisia gen. et spp.)
اندیشکده		noun	a think tank
دریچه		noun	small door, shutter; (small) window; a small hole for the admission of light; panel, pane; lid, cover for an o
گندلاش		noun	velvet maple, Persian maple (Acer velutinum)
لای		noun	dreg, sediment, dreck, mud
آهنربا		noun	magnet
مواجهه		noun	face-to-face meeting
جنسیت		adj	gender
تبلیغ		noun	propagation; promotion; advertisement; advocacy
حكمران		noun	governor, ruler
رندیدن	رَندیدَن	verb	to grate (in cooking: to shred by rubbing)
شگرد	شِگِرد	noun	method, technique, way
زوش		adj	violent, angry
گردونه		noun	horse-drawn cart
سوسنگرد		adj	Susangerd (a city in Iran)
تکلم شدن	تَکَلُّم شُدَن	verb	to be spoken
سرپرستی	سَرپَرَستی	noun	supervision, guardianship
دیوشناسی		noun	demonology
دور انداختن		verb	to throw away
نادیده گرفتن		verb	to ignore
تمایل داشتن		verb	to tend, to incline
ول کردن		verb	to let go; to release
بازنگری کردن		verb	to revise, to amend
بازگشتن		verb	to return
بازتاب کردن		verb	to reflect
پرهیز کردن		verb	to avoid, to abstain
پرهیزیدن		verb	to avoid, to abstain
دربرگرفتن		verb	to surround, to engulf
شناساندن		verb	to familiarize, to introduce
طلبیدن		verb	to demand, to ask for
شباهت داشتن		verb	to resemble
خفه شدن		intj	shut up! (stop talking)
تبخیر شدن		verb	to evaporate
خشکیدن		verb	to dry up, to wither
جشن گرفتن		verb	to celebrate
ترکاندن		verb	to cause to explode, to cause to blow up
پسندیدن		verb	to approve; to endorse; to like
پشنجیدن		verb	to sprinkle
تخشیدن		verb	to try, to make an effort
لافیدن		verb	to brag, to boast
رنجیدن		verb	to get upset; to get annoyed; to be offended
رنجاندن		verb	to annoy
چراندن		verb	to pasture
بستاوه شدن		verb	to deny
آگاهیدن		verb	to get aware, to get informed
آگاهاندن		verb	to inform, to let know
برکنار	بَرکِنار	adj	dismissed, fired (from an office)
ایستاندن		verb	to cause to stand
جنباندن		verb	to move
ارزیابی کردن		verb	to evaluate
عایق کردن		verb	to insulate
قضاوت کردن		verb	to judge
ایستادگی کردن		verb	to resist
محتاج		adj	needy, in want, poor
تکان دادن		verb	to shake
تشخیص دادن		verb	to recognize
قورت دادن		verb	to swallow
تراگسیل کردن		verb	to transmit
رهسپار کردن		verb	to send, to dispatch
مسافت	مَسافَت	noun	distance
سبک خراسانی	سَبکِ خُراسانی	noun	the "Khorasani style" of Persian poetry: the earliest style of New Persian verse, associated with poets from K
مزاحم		adj	annoying, pesky, obtrusive, in one's way
همشهری		noun	person from the same town
گروهبان		noun	sergeant
اعمی	اعمیٰ	adj	blind
مبادرت		noun	setting about (to do something); taking upon (a task)
تشرین	تِشرین	noun	only used in تِشرینِ اوّل (tešrin-e avval, “October”) or in ellipses thereof
همبازی		noun	playmate
اژگهان		adj	indolent, idle, negligent, lazy, slothful
اندازه		noun	size, dimension
برپا		adj	underway; afoot
بوالعجب		adj	marvelous, strange, peculiar
دشنام		noun	insult; verbal abuse
بدنهور		adj	evil-eyed, having an evil eye
بادبزن		noun	fan, hand fan
زیرسیگاری		noun	ashtray
آرایشگاه		noun	hairdresser's, hair salon, beauty salon
لاف زدن		verb	To brag, boast
خودباوری		noun	self-confidence
ناسزا		noun	insult
رختکن		noun	dressing room
پرسمان		noun	inquiry
سرکوبگر		adj	repressive
لبریز		adj	brimming, brimful
پشتیبانی		noun	support
پشتیبان		adj	supportive
پشتیبانی کردن		verb	to support, back up
سوزناک		adj	woeful
هولناک		adj	scary
فروزنده		adj	shining, luminous, lustrous
گسسته		adj	separated
تابناک		adj	radiant
پیوسته		adj	connected
صحابت		noun	companionship
پیامک		noun	SMS; short text message
اندونزیایی		adj	Indonesian
نعلبکی		noun	saucer (small dish)
مندرج		adj	contained, inserted, written (in a text)
متقابل		noun	reciprocal, reciprocating
هواپیمای جت		noun	jet plane
دوشیرمه		noun	devshirme
رزانه		noun	dye
آرایشگر		noun	barber, hairdresser, hairstylist
محاربات		noun	broken plural of محاربه (muhāraba /mohârabe)
توپخانه		noun	artillery
خرگاه		noun	tent, pavilion, tabernacle
سماروغ		noun	mushroom
واضع		noun	founder, enactor
گوز دادن		verb	to fart
پاچیله		noun	shoe, sandal
دربند		noun	bar of a door, bolt
جندره		noun	the bar of a door
آسمانگون		adj	sky blue
آسمانرنگ		adj	sky blue
اهل خبره		noun	"expert; connoisseur"
اهل قبور		noun	"the dead"
اهل معرفت		noun	"(the) learned or wise"
راوی		noun	narrator (of a novel, etc.)
استغفرالله		intj	astaghfirullah
خداداد		noun	gift from God
زردوز		noun	a gold embroiderer
کثافت		noun	filth
پس دادن		verb	to give back; to return
کشتی شکسته		adj	shipwrecked
قفقازشناس		noun	Caucasologist
قفقازشناسی		noun	Caucasology
دردادن	دَردادَن	verb	synonym of دادن (dâdan)
افزار		noun	wear
چومپ		noun	chomp
آوخ		intj	ah! alas!
رزمگاه		noun	battlefield
موافقت		noun	agreement; consent
میکروپنیس		noun	micropenis
ماکروپنیس		noun	macropenis
سکسوال		adj	sexual
خارپشت		noun	porcupine; hedgehog
سرابستان		noun	garden attached to a building
یاغی		noun	rebel, outlaw
سرنگون		adj	head downward, upside down, inverted
فسقلی		adj	small, tiny
تفرقه		noun	separation, division, dispersal (in the passive sense)
شستشوی مغزی		noun	brain-washing
برخوردن		verb	to encounter; to come across; to meet by chance
ناکامل		adj	imperfect, incomplete
غیرمنقول		adj	immovable
غیرحکومتی		adj	non-governmental
غیرقانونی		adj	illegal
غیرانسانی		adj	inhuman
غیراختیاری		adj	involuntary
گرفتار		adj	seized; captured; arrested
خفتان		noun	tunic worn under armour; caftan
گیس بافته	گیسِ بافته	noun	plait; hair braid
افسونگر		noun	charmer, enchanter; captivator
دریافتن		verb	to understand; to realize; to find out
دردسر	دَردِسَر	noun	headache; hassle; bother; nuisance
تسلیحات		noun	armaments
یل		noun	hero, great warrior
گرمسیر		noun	tropical region; tropics
زنهار		intj	beware
فسنجان		noun	a Persian dish consisting of pomegranate and chicken. Also found in Iraqi and Jewish cooking.
شاور گرفتن		verb	to take a shower or bath.
ایور		noun	brother in-law
تافتون		noun	colloquial-un form of تافتان
هزارگی		noun	Hazaragi (a Persian dialect spoken in and around the Hazarajat region of Afghanistan; The Persian characterist
کلپچه		noun	pair of handcuffs
گرودمان		noun	the highest realm of Heaven; the realm of infinite light
مومیاکاری		noun	mummification
پادوسپان		noun	padhuspan, a Sasanian office below spahbed
خوشوقتم		intj	pleased to meet you
توت زمینی		noun	strawberry
پکه دستی		noun	hand fan
پکه		noun	fan
یاری		noun	aid, support, assistance
ناصرگرا		noun	Nasserist
ناصرگرایی		noun	Nasserism
آسایشگاه		noun	sanatorium, sanitarium, nursing home, hospice
استراحتگاه		noun	resort (a relaxing environment for people on vacation)
یاعلی		intj	O Ali; a request for intercession from Ali ibn Abi Talib, the first divinely appointed imam in Shi'ism, the se
باجناق		noun	co-brother-in-law, the husband of one’s wife’s sister
برآشفته		adj	angry
سبوکش		noun	drinker of wine
ضدقهرمان		noun	antihero
ضدماهواره		adj	anti-satellite, antisatellite
ضدتانک		adj	anti-tank, antitank
ضدآب		adj	waterproof
ضدیخ		noun	anti-freeze, antifreeze
مردستیزی		noun	misandry
زیرگروه		noun	subgroup (a group within a larger group)
به هم برآمدن		verb	to be moved (by emotion)
بدروزگار		adj	wicked; evil
فرشگرد		noun	Frashokereti, the final renovation of the world, wherein evil is destroyed, and the world is purified
خدابنده		noun	part of two royal names
چپلک		noun	sandal, a kind of slipper
منفعت		noun	profit; gain
هرآینه		adv	indeed; verily
سرحال		adj	happy, amused, in a good mood
شنل		noun	cape
مواجه شدن		verb	to come across
درراه		adv	in the road
گویی		conj	as if, as though
گوشی تلفن		noun	landline telephone, home phone
غفلتا	غفلتاً	adv	carelessly
تردید داشتن		verb	to have doubts, to hesitate, to be in two minds.
بندرت		adv	rarely
مایع		noun	liquid
برگزار شدن		verb	to be held
جغرافیادان		noun	geographer
سرتاسر		prep	all over
خودپرداز		noun	ATM, cash machine
فرآورده		noun	product
گناهکار		noun	sinner
خبردار		adj	informed, aware
رمزارز		noun	cryptocurrency
سررشته		noun	skill, competence
شهربانی		noun	shahrbani, (city) police
دار السلطنت		noun	royal capital
گاماس گاماس		adv	slowly, unhurriedly
سگدید		noun	presentation of a recently deceased body to a dog, whose sight is considered purifying
ضدحمله	ضِدِّحَمْله	noun	counter-offensive
دندانساز		noun	denturist
چنگیزی		adj	of or relating to Genghis Khan
آموزشگاه		noun	school, college, educational institution
کالبدشناس		noun	anatomist
هپولی کردن		verb	to plunder
جسارت		noun	boldness; daring
خالصانه		adj	sincere, pure; (adverbially) sincerely
مو شکافتن		verb	to split hairs
مضرت		noun	injury, hurt
ازا		noun	exchange; used in به ازای (be ezâ-ye, “in exchange for”) and در ازای (dar ezâ-ye, “in exchange for”).
دبیرستانی		noun	high schooler
مناجات		noun	intimate individual prayer, often in the form of hymns and poetry
قالپاق		noun	hubcap
هوی		noun	passion; desire
معروف و مجهول		noun	a vowel classification system in which certain semi-vowel characters represent two vowel phonemes. The ma'ruf 
گدیپران		noun	kite
جیغ زدن		verb	to yell
برغست		noun	hoary cress, whitetop (Lepidium draba and potentially related species)
لولیدن		verb	to writhe, to wriggle, to fidget, to toss
وداع		noun	farewell
استفساریه		noun	A request to interpret a law brought to the legislative body involved
سپسین		adj	subsequent
تشناب	تَشْنَاب	noun	toilet
گلدسته		noun	bouquet
بیگلربیگی		noun	beylerbey or beglarbegi, a medieval and early modern title:
گډی		noun	Hazaragi retroflex form of گدی
بوټ		noun	Hazaragi retroflex spelling of بوت
گډیپران		noun	Hazaragi retroflex form of گدیپران
گڈیپران		noun	Hazaragi retroflex form of گدیپران
ثقت الاسلام		noun	Siqatul Islam
دمساز		noun	confidante; intimate
گنجیدن		verb	to be contained; to be held
همزبان		noun	speaker of the same language
سرگذشت		noun	adventure
گاز گرفتن		verb	to bite
قرابت		noun	kinship tie; being related
منقاد		adj	obedient
مشفق	مُشْفِق	adj	kind; tender; compassionate
عمی		noun	blindness
چسپ		noun	glue, adhesive
موتروار		noun	driver
چسپیدن		verb	to stick, to be stuck, to adhere
پیشینه		noun	past, background, past record
هفتگی		adv	weekly
لوزینه		noun	a confection of almonds
گمنه		noun	bulgur
عنبرنسارا		noun	donkey dung (used in traditional medicine)
درخواستن		verb	to request; to ask
روهینگیا		noun	Rohingya (people)
باجگاه		noun	place for collecting tolls
چراغدان		noun	niche for a lamp
بر زدن		verb	to shuffle
فرمانبر		noun	subject (e.g. of a ruler)
غایبانه		adv	in absence, invisibly
خفارت		noun	protection; safeguarding
باشگاه		noun	club, association
وفاداری		noun	loyalty; troth (to a promise or a lover)
جاهدار		noun	dignitary; holder of rank
هدفمند		adj	purposeful; targeted
بارانداز		noun	wharf, quay, waterfront
کلچه		noun	cookie, biscuit
نامبردار		adj	famed; renowned; celebrated
نزده		num	Dari standard spelling of نوزده (nineteen)
نزدهم		num	Dari standard spelling of نوزدهم (nineteen)
پاکباز		noun	fair dealer, fair player; someone who plays without cheats; (extension) honorable lover
پرورشگاه	پَرْوَرِشْگاه	noun	orphanage
معاذالله		adv	God forbid
قطعنامه		noun	resolution
خرده گرفتن		verb	to find fault; to criticize pedantically
حوصله سر رفتن		verb	to become bored
مخلفات		noun	side dish
خودخواه		adj	selfish; egotistic
فروماندن		verb	to be helpless; to be incapable of; to be unable to
خلاقانه		adj	creative, innovative
زنهارخوار		noun	oath-breaker
برگه		noun	sheet of paper
سراسیمه		adj	confused; stunned
فوق الذکر		adj	aforementioned
ارادتمند		adj	friendly, sincere
رقابت		noun	competition; rivalry
زد و خورد		noun	clash, skirmish
فروپاشی		noun	collapse (of a system)
برانداختن		verb	to overthrow
حزیران		noun	June
ایار		noun	May
تشرین اول	تِشرینِ اوّل	noun	October
تشرین ثانی	تِشرینِ ثانی	noun	November
کانون ثانی	کانونِ ثانی	noun	January
شهلاچشم		adj	having eyes of شهلا (šahlâ) color
دمتک		noun	accentor (Prunella)
دمسنجه		noun	a kind of passerine bird
سیچغنه		noun	sparrowhawk
محیط زیست	مُحیطِ زیسْت	noun	natural environment; natural world
دوردست		adj	remote, far-off
عینی		adj	identical, exact same
غرامت		noun	compensation; indemnity
عوض شدن		verb	to change
شایع		adj	widespread, common
حاصلخیز		adj	fertile (of land)
برخلاف		prep	contrary to
برگزار		adj	held
برگزار کردن		verb	to hold
زمزمه		noun	hum
وسیله نقلیه		noun	transportation device; vehicle
فاضلاب		noun	wastewater, sewage water
کارساز		adj	helpful, productive, with results
دیرباز		noun	long ago, ancient times
مستمع		noun	listener (e.g. to a radio program); audience member (e.g. at a lecture)
محترمانه		adj	respectful; (adverbially) respectfully
افشره		noun	juice, pressed out sap
نیمکره		noun	hemisphere
غافلگیرکننده		adj	surprising
مرتبط		adj	connected; associated
تعمیرگاه		noun	repair shop
بافتنی		adj	textile; related to weaving or something woven
خدمتکار		noun	domestic worker, servant, butler, maid
خلاقیت		noun	creativity
عافیت باشه		intj	bless you; used as a polite response to sneezing
حساسیت		noun	allergy
نام و نشان		noun	given name and title/lineage; (by extension) identity, full name (before the adoption of Western surnames)
خردسال		noun	minor, underage; (originally) youth of tender years
بزرگسال		noun	adult
کهنسال		adj	very old; venerable
چلیدن		verb	to go; to walk
معترض		noun	protester
تپیدن		verb	to beat; to palpitate; to throb
پاینده		adj	lasting, permanent, perpetual, firm
دوزیست		adj	amphibious
پرسه		noun	roaming; wandering about; more common in the derived form پرسهزنی (parse-zani).
فیلمنامه		noun	screenplay, scenario
آغازیدن		verb	to start, to begin
ناخودآگاه		adj	unconscious
خودجوش		adj	spontaneous
گاوباز		noun	bullfighter
گاوبازی		noun	bullfighting
دادخواه		noun	plaintiff
دادگستر		adj	just, spreading justice
دادگستری		noun	the administration of justice
شهرداری		noun	municipality
سنجش		noun	measurement, assessment
چرکس	چَركَس	noun	Circassian
چرکسی		adj	Circassian
حسابرس		noun	auditor
مصرف شدن		verb	to be consumed; to be spent
بدهکار		adj	in debt
بازپرداخت		noun	refund
محکوم له	مَحْکُومٌ لَه	noun	the winning party of a case
محکوم علیه		noun	the losing party of a case
پیچاندن		verb	to twist
جیم زدن		verb	to sneak away; to escape
راستش		adv	actually, in fact
کمابیش		adv	more or less
متمرکز		adj	concentrated
علیه الصلات والسلام		noun	blessings and peace be upon him
رنجور		adj	ill, sick
غلغلستان		noun	place where everybody is crying or shouting
دلریش		adj	sick at heart; sore at heart
زهدان		noun	uterus, womb
بددل		adj	weak-hearted; cowardly
یاوه		noun	idle talk, nonsense
چهارباغ		noun	chaharbagh (a traditional square-shaped layout of Persian gardens comprising four square gardens separated by 
دنیا و مافیها		noun	the world and everything in it; all of material existence
مافیها		noun	only used in دنیا و مافیها (donyâ va mâfihâ).
فرخار		noun	place with beautiful people; especially used in conjunction with بت (bot, “idol, beauty”)
شکرستان		noun	sugarcane plantation
بازتابی		noun	act of reflection; reflecting
ظرفشویی		noun	kitchen sink, basin
گراته		noun	trouble
پرماجرا		adj	eventful
بندرگاه		noun	port, harbour
جددین		noun	infidel, non-Zoroastrian
نکهت		noun	breath of air
ابیا		noun	woodcock
نگهدار	نِگَهْدار	noun	protector
گلچهر		adj	having a face as beautiful as a rose
ایاغ		noun	drinking-cup
ایستگاه پلیس	ایسْتْگاهِ پُلیس	noun	police station
ناگفته		adj	unsaid
ایول		intj	bravo, good job
قیمومت		noun	tutorship, guardianship, trusteeship
خفقان		noun	suffocation, choking
نرم افزار		noun	software
دستورالعمل		noun	written instructions
خوارشماری		noun	disparagement; belittling
مرفه		adj	prosperous, affluent
محاصره شدن		verb	to be surrounded, to be besieged, to be under siege
مسالمت		noun	peacefulness, peaceableness
اوارچه		noun	cashbook, a book of receipts and disbursements
پذیرا		adj	accepting, receiving, receptive
جنبه		noun	aspect, facet, side
عرش و فرش		noun	Heaven and Earth
اختصاص		noun	earmarking, appropriation, allocation
خویدوده		noun	xwedodah (close-kin marriage)
دهل		noun	drum, tambour, kettledrum
گرداندن		verb	to change, to transform
صورت پذیرفتن		verb	to take place
جلیقه نجات		noun	life vest
چنانچه		conj	if, in the case that
چارچوب		noun	frame, framework
یافت شدن		verb	to be found
فراگرفتن		verb	to take
متناسب		adj	proportional, proportionate
کردگار		noun	God, the Creator
سر و برگ		noun	equipment, apparatus, means (of doing something)
پراته		noun	paratha
دستخوش		adj	subject to (especially something negative); victim (of)
تجلیل		noun	praise, glorification, honoring
شکفتن		noun	to open, to bloom, to blossom, to flourish
توانگر		adj	rich
مقتضیات		noun	exigencies, requirements, circumstances
پشته		noun	mound
بسنده کردن		verb	to be satisfied
شیوع		noun	prevalence
نمایشگاه		noun	fair, exhibition, gallery (both the place and event)
پایندگی		noun	firmness, permanence, stability, durability
سرای سپنج		noun	the fleeting world
جهاندار		noun	"possessor of the world": a laudatory title of kings.
سرافراز		adj	proud, triumphant
محسوب شدن		verb	to be considered; to be counted as
لاینفک		adj	integral
منفجر		adj	exploding, detonating, blowing up
فرنه		noun	malediction, execration
فلاته		noun	A sweetmeat manufactured from molasses into which milk and nuts are cooked
نسبت به		prep	relating to; with regards to
خلاص شدن		verb	to be released, to be delivered, to be rescued
دلتنگی		noun	longing, missing (a person, a place)
زهکشی		noun	water drainage
نمایشگر		noun	computer monitor
تذهیب		noun	gilding; (of manuscripts) illumination
همچون		prep	such, as
همچو		prep	such, as
پالوانه		noun	swift, apodid
تصویرگر		noun	illustrator
منزلت		noun	degree, rank
بدرقه		noun	escort, company (sending someone off on the road)
جاودانه		adv	eternally, forever
در نظر گرفتن		verb	to take into account; to bear in mind
برزگری	بَرْزْگَری	noun	agriculture; farming
برزگر		noun	farmer
گرداننده		noun	circulator
عملکرد		noun	function, role
همکاری		noun	cooperation, collaboration
ارزیابی		noun	evaluation
سخنران		noun	orator
منتقل		adj	transferred (e.g. to a different place)
با خیال راحت		adv	safely, undisturbed, untroubled
خاطرنشان		adj	fixed in the mind or memory
خانگاه		noun	older form of خانقاه (xānaqāh)
به سرای باقی شتافتن		verb	to pass away
فیلمبردار		noun	cameraperson, cinematographer, videographer
خلنگ	خَلَنْگ	adj	bi-coloured, piebald
دمدمه		noun	clamor, noise, disturbance
تلبیس		noun	fraud, imposture
ظرفیت		noun	capacity
ابرقدرت		noun	superpower
گرانبها		adj	valuable, precious
دست و پا کردن		verb	to sort out, to arrange, to get done
دست و پا زدن		verb	to struggle, to make every effort
تخمین زدن		verb	to estimate, to assess, to guess
منفجر کردن		verb	to explode, to cause to explode
نافرمانی		noun	disobedience, insubordination
ضرب و شتم		noun	battery (physical abuse)
از سر گرفتن		verb	to resume, to start again
یادآور شدن		verb	to remind (of)
محموله		noun	shipment, cargo
به جا آوردن		verb	to perform, to carry out
سر و کار داشتن		verb	to deal
ناگزیر		adj	helpless
متحول کردن		verb	to transform
ناراضی		adj	unhappy, disgruntled, dissatisfied
حکمرانی		noun	dominion, rule, sway
بهبود بخشیدن		verb	to improve
جوانمرد		adj	brave, generous, manly
جوانمردی		noun	generosity
بابزن		noun	spit, skewer (for grilling meat)
سانحه		noun	accident, unexpected event
مغفرت		noun	forgiveness
مرگ و میر		noun	mortality (number of deaths as a rate)
سرپیچی		noun	disobedience, refractoriness
ضدونقیض		adj	contradictory
متحصن		adj	participating in a sit-in protest
دستگیر		adj	arrested, under arrest
سوق دادن		verb	to lead, to impel, to drive
فرو نشاندن		verb	to quell, to quench, to suppress
پردازش		noun	processing
متوقف شدن		verb	to be stopped; to stop
با این حال		adv	nevertheless, but, however, nonetheless
ظالمانه		adj	cruel, tyrannical, oppressive; (adverbially) cruelly, tyrannically, oppressively
گزنده		adj	biting (of an animal)
نشانه رفتن		verb	to aim at; to take aim at
فیلمساز		noun	filmmaker
منتقل شدن		verb	to be transferred; to be transported; to be moved
لاجرم		adv	necessarily, of necessity
پرینت گرفتن		verb	to print, to print out
ارائه دادن		verb	to present, to show
ناشناخت		adj	unknown, unidentified
روزه گرفتن		verb	to fast
شرمسار		adj	ashamed
مالکانه		adj	possessory
غالیچه		noun	a small carpet
فریادرس		noun	someone who comes to another's relief; redeemer, reliever, savior
خلوتگاه		noun	private place, place of retirement, retired place
فوجدار		noun	an officer or the police in Hindustan, and chief magistrate of a chaklah
پس آمدن		verb	to return, to come back
دگرگون کردن		verb	to change, to transform, to alter
بدرنگ		adj	Used other than figuratively or idiomatically: بد (bad, “bad”) + رنگ (rang, “color”).
فرق داشتن		verb	to differ, to be different
پیرانه سر		noun	old age
بودباش		noun	residence, dwelling, habitation
تهیدست		adj	poor, indigent
تماشاخانه		noun	playhouse, theater, stage
پیشکار		noun	steward, majordomo
خزعبل		noun	nonsense, absurd
صاحبقران		noun	"Master of the Conjunction": a laudatory royal title, especially associated with the fourteenth-century warlor
نقش و نگار		noun	ornamentation; decorations and adornment; paintings and images
خرت و پرت		noun	trinkets, baubles, frippery
مبهوت		adj	astonished, confused, confounded
سرگشته		adj	confused, befuddled
دلفگار		adj	sick at heart, melancholy
گلبن		noun	rosebush
برآمدن		verb	to come up, to come from downwards
ژئوپلیتیکی		adj	geopolitical
خوی کردن		verb	to sweat
نازپرورده		adj	sheltered; brought up delicately; spoiled
الی		prep	to, up to
زانو زدن		verb	to kneel, to kneel down
هیربد		noun	herbad, lowest-ranking Zoroastrian priest
جاوی		adj	Jawi (relating to the Arabic script used for Malay and some other Austronesian languages)
گلناری		adj	vivid red, bright red; red like the pomegranate flower
چپه شدن		verb	to fall, to sink (be moved downwards)
همبستر		noun	sexual partner
مسلمانی		noun	Islam
افتاده		noun	humbled person, oppressed person
برچیدن		verb	to remove, to dismantle, to uproot
عقاب فیلیپینی		noun	Philippine eagle
فیلیپینی		adj	Philippine, Filipino
فرزانگی		noun	wisdom
ارتیشدار		noun	warrior
ناکجا		noun	nowhere
ناکجاآباد		noun	middle of nowhere
تطبیق		noun	adaptation, conformation, accommodation
مقرون به صرفه		adj	affordable (of prices)
اعیان		noun	the aristocracy, the nobility
یکپارچه		adj	solid, concrete, structurally sound
فیمابین		prep	in between
طرفین		noun	the two parties (relating to a dispute, a case, a treaty, a negotiation, etc.)
قویا	قویاً	adv	strongly
حقانیت		noun	righteousness, legitimacy (of one's actions)
فلاکت		noun	adversity, adverse fortune
وردنه		noun	rolling pin
پریخوان		noun	exorcist
سوزنک		noun	gonorrhoea
جفت شدن		verb	to have sex
سفالین		adj	earthen (especially of earthenware)
پچ پچ		noun	chatter
درزمال		noun	clothes iron, flatiron
برکندن		verb	to dig up, to dig out
چانه کسی گرم شدن		verb	to keep talking a lot for a long time
سردرختی		noun	fruit from trees
قشقرق		noun	dramatic scene, scandal
بامبول		noun	monkey business, trickery, fraud
مادرمرده		adj	whose mother has passed away
پیشگام		noun	pioneer, trendsetter, harbinger, groundbreaker, trailblazer
صاحب این قلم		noun	I, the writer; used by the author in self-reference.
متباعد		adj	divergent
دوستکام		noun	beloved
بهارنارنج		noun	orange blossom, flower of the orange tree
خاستگاه		noun	origin, source (e.g. of a phenomenon)
ایفا		noun	fulfillment, discharge
نقش بستن		verb	to draw, to sketch
تزکیه		noun	purification, cleansing, sanctification
زل زدن		verb	to stare
بزرگداشت		noun	commemoration, homage
سر رفتن		verb	to go out (for something)
درمسال		noun	dharamshala
اهل هنود		noun	Hindus, especially Hindus in Afghanistan
گودواره		noun	gurdwara
تدخین		noun	fumigation
انحلال		noun	dissolution (e.g. of an organization)
طفره		noun	evasion, dodging, avoiding
سحرگاهی		noun	suhur
دارالفنون		noun	university
صدراعظم		noun	Chancellor
چند و چون		noun	conditions, particulars, facts
دگراندیش		noun	dissident, dissenter
کارمزد		noun	wage, commission
فراخور		adj	suitable, fit, suited
تنیدگی		noun	tension, being somewhat anxious
خواهشمند		adj	requesting, asking
ایاب و ذهاب		noun	return, two-way, round-trip
ساماندهی		noun	organization (act of organizing)
تلاطم		noun	choppiness, roughness
ناچیز		adj	insignificant, trifling, trivial
دلشده		adj	lovesick, enamored
مستمند		adj	afflicted, needy
زرق و برق		noun	garishness, gaudiness
کباده		noun	bow-like metal equipment used for exercise
دزدیده		adj	stolen
سقاخانه		noun	traditional public water fountain
عبادتخانه		noun	place of worship, temple
بهدین		noun	Zoroastrian ("those of the good faith")
مژدگانی		noun	gift to someone who brings good news
سنگ تمام گذاشتن		verb	to finish something perfectly (literally, “to lay the finishing stone”)
گزنه		noun	nettle
آتش گرفتن		verb	to catch fire
زبانه		noun	something resembling a tongue:
خانمان		noun	house and furniture
دسترخوان		noun	tablecloth
هوسکار		noun	amateur, enthusiast, aficionado
بلاصاحب		adj	ownerless
منطبق		adj	matching, congruent
خنده زدن		verb	synonym of خندیدن (xandidan)
لالستان		noun	tulip-garden
مرکبات		noun	citrus fruits
شکوفه دادن		verb	to blossom, to bloom
بالا آوردن		verb	to throw up, to vomit
هندوایرانی		adj	Indo-Iranian
عیاری		noun	slyness, cunning
آقایی		noun	generosity, the personality of a gentleman
آفتاب مهتاب ندیده		adj	sheltered, naive, innocent
دلمه		noun	dolma
نهادینه		adj	embedded, institutionalized
محجبه		adj	hijabi, veiled
دنج		adj	cozy, snug
زبانزد		adj	celebrated, talk of the town
زیبنده		adj	befitting, becoming (of), suiting
گلقند		noun	gulkand (rose petal preserve)
بردوختن		verb	to sew shut, to stitch
رنجه		noun	suffering, toil
عیان		adj	obvious, clear
کوپه		noun	cupping glass
ایوبی		adj	Ayyubid
همگونی		noun	homogeneity
غمگسار		adj	sympathetic, compassionate, empathetic, condoling
درمانده		adj	distressed, hopeless, helpless
دولتخواه		noun	well-wisher
دلدوز		adj	heartsick, heartsore, heartbroken
مداخله		noun	intervention
ملچ ملوچ		noun	munching
تف انداختن		verb	to spit
فشار دادن		verb	to push
پوسیده		adj	rotten
شناور بودن		verb	to float
پده		noun	Euphrates poplar (Populus euphratica)
از دست رفتن		verb	to disappear, to be lost
چونکه		conj	because, since
خنجال		noun	scratching (with nails)
چرکین		adj	dirty, unclean
نارنگستان		noun	orangery
خلیفگی		noun	caliphship
نویسندگی		noun	writing
ماوا		noun	domicile, residence, abode
بیچارگی		noun	helplessness
کالبدشکافی		noun	dissection, autopsy
چهارپایه		noun	stool
همکف		noun	ground floor
مددکار		noun	social worker
دلسرد		adj	disheartened, discouraged
دلدرد		noun	stomachache
رحلت		noun	passing, death
نمازخانه		noun	prayer room
مفقودالاثر		adj	missing in action
مچاله		noun	crumpled
صورتک		noun	small face
دست و پا شکسته		adj	broken, clumsy
خاطرنشان کردن		verb	to point out
سرپوش گذاشتن		verb	to cover up, to conceal, to hide
سپاسگزاری		noun	gratitude
گلنار		noun	pomegranate flower
آهنگسازی		noun	composition
ترسیم		noun	sketch, drawing
مردسالاری		noun	patriarchy, male supremacy
دوشیزگی		noun	virginity
خرپول		noun	rich person
سرمربی		noun	head coach
حول و حوش		noun	environs, surroundings
پوشه		noun	file folder
خونگرم		adj	warm-blooded (having a constant body temperature)
نظرباز		noun	ogler; someone who ogles at women or attractive people
از ما بهتران		noun	"those better than us"; the elite classes, the rich
گزاییدن	گَزاییدن	verb	to harm, injure, damage
دل را از عزا درآوردن		verb	to become full, to eat to satiety
مجلل		adj	splendid
دسترنج		noun	wage
کشاندن		verb	to drag, to draw
بازدارنده		noun	hindrance, obstacle
پشمینه		noun	woolstuff
بالاخانه		noun	upper room
زوجین		noun	married couple
رژیمی		adj	diet, relating to weight loss
چکیده		noun	abstract, summary
کلانتری		noun	police station
امدادگر		noun	aid worker, rescue worker
ماءالشعیر		noun	non-alcoholic beer
شماره گرفتن		verb	to get someone's phone number
منتها		noun	endpoint, extremity
پیشکسوت		noun	old hand, veteran, doyen
خودشیفته		adj	self-enamored, narcissistic
خبرفوری		noun	breaking news
سربسته		adj	sealed, closed shut
نگهبان		noun	guard, watchman
مرتکب شدن		noun	to perpetrate, to commit (a crime, a misdeed)
راهکار		noun	method, approach (e.g. to a problem)
آبدارچی		noun	butler
نوچه		noun	novice, beginner, youngling
رذالت		noun	vileness, baseness
چترنگ		noun	older form of شطرنج (šatranj)
زنگوله		noun	bell, little bell; smaller than زنگ (zang).
لو دادن		verb	to reveal, to give away
قاتولیقه		noun	Catholic
مهرگیاه		noun	synonym of مردمگیاه (mardum-giyāh /mardom-giyâh)
دامدار		noun	rancher, pastoralist, cowherd
برپایی		noun	establishment, act of establishing
کوررنگ		adj	color blind
زیرتبار		noun	subtribe
ایدئولوژیکی		adj	ideological
دوام آوردن		verb	to endure; to last; to persevere
در خود جای دادن		verb	to house, to include, to have
جر و بحث		noun	contention, dispute, disagreement
خواهشا		adv	please
کلینکس		noun	kleenex, a disposable tissue
بارگیری		noun	loading (e.g. cargo onto a ship)
آزمون و خطا		noun	trial and error
ناوشکن		noun	destroyer (type of warship)
خاراندن		verb	to scratch, to scrape
واویلا		intj	woe! alas!
میخچه		noun	corn, clavus (on the skin)
غیب شدن		verb	to disappear mysteriously
جا شدن		verb	to fit in (a space)
غمباد		noun	goitre
آنچنان		adv	so, so much, to such an extent
چکاچاک		noun	clank of weapons (i.e. a sword)
صدادار		adj	vowel, vocalic
چسب		noun	glue, adhesive
پشتکار		noun	perseverance, effort
دوستگان		noun	beloved
دوستکان		noun	beloved
متناوب		adj	alternating, periodic, intermittent
تحت اللفظی		adj	literal, word-by-word
ضربدر		noun	X mark
گنجاندن		verb	to include, to insert, to make room for
قابلمه		noun	cooking pot
دلهره		noun	anxiety, disturbance, disorder
پویا		adj	dynamic
سخت گرفتن		verb	to be harsh, to be strict
تراکنش		noun	transaction (e.g. financial)
چپه		adj	left-handed (using one's left hand)
تخفیف		noun	sale, discount
نابکار		adj	wicked, bad
تماس گرفتن		verb	to call (on the phone)
سازگاری		noun	fitness, suitability, compatibility
کش دادن		verb	to draw out, to elongate
چیدمان		noun	interior décor, layout
بازبینی		noun	inspection, review, control
نصب شدن		verb	to be installed
وفادار		noun	loyal person
ریو		noun	fraud, deceit
جایگشت		noun	permutation
بهینه		adj	optimal
هواسپهر		noun	atmosphere
پراکنده		adj	scattered
چهاریار		noun	The four successors to the Prophet Muhammad; Rashidun caliphs
گیر انداختن		verb	to trap, to ensnare
رابط کاربری		noun	user interface
درگرفتن		verb	to be kindled, to catch fire
گریزگاه		noun	haven, refuge
پیشی گرفتن		verb	to take precedence
بروز دادن		verb	to express, to disclose, to divulge
آگاهانه		adj	conscious; (adverbially) consciously
بربردن		noun	to elevate, to hoist
برنشستن		noun	to ride, to sit
بررسیدن		verb	to check, to search
برمنش		noun	arrogant
لڤ		noun	Early New Persian form of لب (lab, “lip”)
التفات فرمودن		verb	to favor
شروانشاه		noun	Shirvanshah
طرحواره		noun	schema
چرت زدن		verb	to nap
لازمه		noun	requisite, necessary condition
بیمارگونه		adj	pathological
خطا رفتن		verb	to err, to be in the wrong
دگردیسی		noun	metamorphosis
تیتراژ		noun	credits
فرتوت		adj	old and decrepit
ثلاثه غساله		noun	three cups of morning wine (thought to be purifying)
لغزیدن		verb	to slip, to stumble
آبغوره		noun	verjuice (common in Persian cooking)
رودربایستی		noun	bashfulness; state or feeling of being distant, polite, and not intimate
تطبیقی		adj	comparative
نیکوکاری		noun	philanthropy, charity
کارخانگی		noun	homework (exercises assigned by a teacher to a student)
بشگرد		noun	hunter
گماشته		noun	agent, delegate, appointee
بدشگان		noun	Spanish broom, Spartium junceum
چکره		noun	drip
همخوان		noun	consonant
کمردرد		noun	lower back pain
گلچین		noun	flower-picker
مانع شدن		verb	to prevent, to stop
کلاه سر کسی گذاشتن		verb	to trick someone, to swindle someone
درازگویی		noun	circumlocution, long-winded speech
زیتون پرورده		noun	zeytun-e parvardeh (marinated olive dish)
مفتخر		adj	proud
فراز و نشیب		noun	ups and downs
تاکستان		noun	vineyard
دستبرد		noun	robbery; also figurative.
مرداب		noun	stagnant swamp
دوبله		noun	dubbing (revoicing)
سازماندهی		noun	organization, organizing (act of organizing)
اقتدارگرا		adj	authoritative
مغرض		adj	partial, self-interested
حاشیه رفتن		verb	to beat around the bush, to evade the main issue
هندوکوه		noun	synonym of هِنْدُوکُش (hindūkuš)
بیست و یک		num	twenty one
بیست و یکم		num	twenty-first
شهامت		noun	courage, valor
چاپلوس		noun	sycophant
تندباد		noun	gale, strong wind
آبنبات		noun	candy (e.g. lollipop)
شیفتگی		noun	infatuation
متوسل شدن		verb	to resort (to)
بوجی موجی		noun	an instance of flirting with lots of kissings and intimacy in a cute way
عقب ماندن		verb	to lag behind
فانوسقه		noun	cartridge box
زایشگاه		noun	maternity hospital
كرم صدپا		noun	caterpillar
پونزده		num	colloquial-un form of پانزده (pânzdah)
یافا		noun	clementine (type of small, sweet orange)
طناب زدن		verb	To skip rope
لنبه		adj	fat, corpulent, chubby
تخماق		noun	mallet, beetle, rammer
چلغوزه		noun	chilgoza
پامیری		adj	Pamiri
یغنابی		noun	Yaghnobi (a member of an ethnic minority in Tajikistan, inhabiting the Sughd province in the valleys of the Ya
گذرگاه		noun	passageway, passage, pass (e.g. through a mountain chain)
هرچند		conj	although
جار زدن		verb	to proclaim
ورانداز کردن		verb	to eye, to look up and down
ملتفت		adj	aware, conscious, cognizant
دستپاچه		adj	flustered, nervous
کلک کسی را کندن		verb	to dismiss, to dispatch
پیچ و تاب		noun	twist and turn, contortion
چترباز		noun	parachutist
سرخانه		adj	present in the house; live-in
کوشانشاه		noun	Kushanshah
نیست و نابود		adj	annihilated, totally destroyed
ورق خوردن		verb	to be flipped, to be turned
پهلویسم		noun	Pahlavism (an Iranian nationalist ideology centered on the rule and legacy of the Pahlavi dynasty (1925–1979))
فروکش		noun	subsiding, falling down
خشکبار		noun	dried fruit
هیچستان		noun	land of nothingness
منقضی		adj	expired, elapsed
پنبه نسوز		noun	asbestos
پررنگ		noun	vibrant, strong (of colors)
لم دادن		noun	to lean back
فرهیخته		adj	educated, learnèd
بیدادپیشه		adj	habitually oppressive, ever-tyrannical
چسپاندن		verb	to stick
فروسرخ		adj	infrared
خارکن		noun	someone who collects and sells thorny bushes (e.g. as firewood)
شیرمرد		noun	valiant hero; lion-like man
خبرچین		noun	snitch, informant
بزکشی		noun	buzkashi (a team sport originating in Central Asia, where the players, all on horseback, try to place an anima
سورتمه		noun	sleigh, sledge
پاکدامنی		noun	chastity, abstinence, modesty
عیدی		adj	of or relating to a feast
ضامن شدن		verb	to guarantee
بلاتکلیف		adj	undecided, unclear
بخور و نمیر		adj	barely sufficient, barely enough to scrape by
منزجر		adj	disgusted, repulsed
ریوی		adj	pulmonary; related to the lung
انزجار		noun	repulsion, abhorrence, disgust
سروزیر		noun	chief minister
ذوالقعده		noun	(Islam) Dhu'l-Qa'da (the eleventh month of the Islamic calendar)
متحمل شدن		verb	to suffer, to bear, to sustain (e.g. damage, losses)
تلقی شدن		verb	to be considered, to be regarded (as), to be seen (as)
جاویدنام		noun	someone whose name is eternally remembered; martyr
سردرگمی		noun	confusion, disorientation
راه انداختن		verb	to launch, to initiate
خردمند		adj	intellectual
زر زدن		verb	to say nonsense, to blabber, to jabber
پایان دادن		verb	to end, to bring to an end
متزلزل		adj	disturbed, unsettled, agitated
فرسایشی		adj	erosional
محدودیت		noun	restriction, limitation
ژست گرفتن		verb	to pose (e.g. for a picture)
خواستگار		noun	suitor
رقم خوردن		verb	to take place
گلوگاه		noun	chokepoint
چشمگیر		adj	impressive, conspicuous
در پیش گرفتن		verb	to pursue, to carry out (e.g. a strategy, a plan)
موافقت کردن		verb	to agree, to consent
خدانگهدار		intj	goodbye, God be with you
آوایش		noun	pronunciation
تمجید		noun	praise
پافشاری		noun	insistence, persistence (on a position, a view)
حیاط خلوت		noun	backyard (in a house)
آداب و رسوم		noun	cultural practices; customs; traditions
گستره		noun	expanse, scope, gamut
جا انداختن		verb	to forget, to miss, to skip (e.g. an item on a list)
سربازی		noun	military service
محتاطانه		adj	cautious, prudent (of actions, thoughts); (adverbially) cautiously, prudently
هپاتیت آ		noun	hepatitis A
هپاتیت دی		noun	hepatitis D
هپاتیت ای		noun	hepatitis E
خواسته		adj	asked for, demanded, requested
لامذهب		adj	irreligious
جبر خطی		noun	linear algebra
اعتمادسازی		noun	trust building; confidence building
الزامات		noun	requirements
انتشار دادن		verb	to publish; synonym of منتشر کردن (muntašir kardan/montašer kardan)
بالقوه		adj	potential
پافشاری کردن		noun	to insist, to persist
پیشامد		noun	event, occurrence
تحویل گرفتن		verb	to receive a delivery
همسنگ		adj	equivalent, analogous
فناورانه		adj	technological
ماندگاری		noun	durability
مستلزم		noun	requiring, necessitating
ایفا کردن		verb	to carry out, to discharge
نگارخانه		noun	art gallery
نیمرخ		noun	profile of a face
نگاه انداختن		verb	to take a look
نتیجه گرفتن		verb	to conclude; to draw the conclusion
جیجاق		noun	Eurasian jay (Garrulus glandarius)
اقتدارگرایی		noun	authoritarianism
جلو زدن		verb	to fast forward
کارد و پنیر		noun	chalk and cheese, apples and oranges; something very different
پوزخند زدن		verb	to grin, to sneer
طنابچه		noun	lanyard
دست و پای خود را گم کردن		verb	to be in distress
به تعویق افتادن		verb	to be delayed, to be postponed
بازتاب		noun	reflection (of an image)
ذهنیت		noun	mentality, mindset
کارشکنی		noun	sabotage
چیره شدن		verb	to overcome, to prevail
هیچ جوره		adv	in no way
برانگیختن		verb	to trigger, to stimulate, to provoke, to bring about
چرخاندن		verb	to turn, to rotate, to spin (something)
بدینسان		adv	in this manner, in this way, likewise
تحویل دادن		verb	to deliver
رسیدگی کردن		verb	to handle, to take care of
متحرک		adj	moving
پاکسازی		noun	cleansing
تجسم		noun	incarnation, embodiment
برقراری		noun	establishment
مبدل شدن		verb	to change; synonym of تبدیل شدن (tabdīl šudan/tabdil šodan)
از سوی دیگر		adv	on the other hand
اختصاص دادن		verb	to allocate, to set aside, to earmark
متقاضی		noun	applicant
با تمام وجود		adv	wholeheartedly, with all my heart
سازگار شدن		verb	to become compatible; to adapt
دلقک	دَلْقَک	noun	clown
غیرانتفاعی		adj	non-profit
خوشبین		adj	optimistic
خوشبینانه		adj	optimistic; (as an adverb) optimistically
دزدگیر		noun	burglar alarm
جرقه		noun	spark
حسگر		noun	sensor
ادا درآوردن		verb	to fake, to pretend, to put on an act
خردکن		noun	grinder, shredder, chopper
شرافتمند		adj	honorable, noble
شرافتمندانه		adj	honorable, noble; (as an adverb) honorably
مسئولانه		adj	responsible; (as an adverb) responsibly
خدمتگزار		noun	servant, worker
گریزپا		adj	elusive, fugacious
اندازه گرفتن		verb	to measure (size)
اندازه گیری		noun	the act of measuring
نیازمند		noun	pauper
بادافراه		noun	punishment, requital
بلندپرواز		noun	Someone with grand goals or ambitions, ambitious
آرواره		noun	jaw
یکه خوردن		noun	To be taken aback
طاقچه		noun	shelf
چرخ و فلک		noun	Ferris wheel
کاغذپران		noun	kite (recreational object)
مسواک زدن		noun	to brush one's teeth
تکفیریون		noun	broken plural of تکفیری (takfīrī /takfiri)
بدرفت		noun	drain, gutter
پفتن		verb	to puff, to swell, to inflate
کیپیدن		verb	to tighten, to seal
توپیدن		verb	To assault verbally. To badmouth.
چاپیدن		verb	to swindle, to scam
آموزاندن		verb	to teach
خاموشیدن		verb	to make silent, to turn off
اژ		pron	I, first person singular subjective pronoun.
